Coins,Symbols,Mentions this week,Mentions last week,Mentions two weeks ago,Mentions three weeks ago,Mentions four weeks ago,Sentiment this week,Sentiment last week,Sentiment two weeks ago,Sentiment three weeks ago,Sentiment four weeks ago,Price this week,Price last week,Price two weeks ago,Price three weeks ago,Price four weeks ago,Percent change this week
Bitcoin,BTC,16683,13858,12558,13310,14770,0.30065499999999995,0.34572549019607846,0.17005957446808512,0.2530965517241379,0.18142878787878786,51231.888122,61523.776467,58333.900551,59095.622773,54912.447081,-16.03
Ethereum,ETH,8265,5672,4483,4412,4136,0.3532,0.36300084745762723,0.34247894736842105,0.300229245283019,0.4766763157894736,2369.90234,2428.901613,2072.734053,2129.308359,1700.169228,-2.3
XRP,XRP,351,726,404,160,205,0.26680217391304345,0.24997875000000008,0.2087151162790698,0.32142708333333325,0.16607272727272726,1.145359,1.582209,1.046091,0.613693,0.566208,-29.0
Litecoin,LTC,2504,1988,1065,663,533,0.3487746268656715,0.4025999999999999,0.3105633333333333,0.2550642857142857,0.4944208333333333,241.777426,310.288149,223.456545,212.126889,184.147427,-22.17
Bitcoin Cash,BCH,529,431,298,273,274,0.274754945054945,0.34272169811320746,0.525755882352941,0.3908433333333334,0.46935185185185185,832.737024,1114.416614,640.015251,583.076598,507.740511,-25.65
Binance Coin,BNB,2863,2238,1535,1202,1214,0.37530459770114943,0.26364035087719295,0.39591538461538456,0.40169807692307685,0.4280589285714286,530.943733,510.457337,452.194546,338.131715,255.263471,3.9
Tether,USDT,23,1,5,2,1,0.24458222222222226,0.41901538461538457,0.2022558823529412,0.28507499999999997,0.210635,1.004868,1.003694,1.003068,1.001472,1.011012,2.35
EOS,EOS,94,95,103,82,60,0.32356562499999997,0.2600318181818182,0.4546333333333334,0.2535583333333334,0.2697625,5.482861,8.619604,6.294532,6.265373,4.200122,-35.91
Bitcoin SV,BSV,82,67,55,65,72,0.26979000000000003,0.4734,0.49285,0.0,0.2752,248.639809,441.284883,260.583232,247.386948,203.293431,-43.72
Stellar,XLM,117,151,137,125,135,0.31749078947368425,0.32554848484848486,0.26576875000000005,0.4123823529411764,0.40011071428571426,0.453471,0.616622,0.497404,0.444431,0.387209,-27.52
Cardano,ADA,1710,1388,1229,1431,1627,0.305248795180723,0.35212299999999996,0.32624901960784314,0.3064733333333334,0.3905142857142857,1.150396,1.422962,1.213219,1.194512,1.21772,-18.6
TRON,TRX,86,93,118,76,52,0.34762812500000007,0.258145,0.1672607142857143,0.13617142857142855,0.168475,0.105706,0.161362,0.116385,0.092354,0.064876,-34.82
Monero,XMR,251,265,220,223,190,0.24895434782608697,0.35063666666666665,0.23096166666666662,0.21111315789473686,0.4077384615384615,347.735831,342.355837,275.025814,257.510416,221.996142,1.35
Dash,DASH,47,37,33,41,42,0.34406428571428577,0.33961250000000004,0.5824666666666667,0.428265,0.327975,264.204487,379.799636,266.116952,243.598814,204.008657,-30.78
NEO,NEO,103,91,85,82,83,0.19500652173913044,0.23942142857142862,0.3223916666666667,0.2793045454545454,0.12845,85.354094,87.413048,61.750888,53.368614,41.882061,-3.7
IOTA,MIOTA,244,160,123,170,203,0.25970652173913045,0.4155650000000001,0.3872266666666667,0.36104166666666665,0.303035,1.920403,2.570613,1.889096,1.62523,1.447415,-25.88
Chainlink,LINK,301,309,304,188,214,0.24417343749999995,0.2729275,0.3771925,0.39121388888888886,0.4857625,34.888803,42.356686,32.197005,32.594145,27.510663,-17.88
Cosmos,ATOM,163,107,73,88,81,0.43235454545454544,0.28698181818181817,0.3245863636363637,0.30948749999999997,0.19848749999999998,20.418207,25.614801,21.547011,20.384288,18.974909,-20.93
Tezos,XTZ,1215,302,303,348,296,0.3590696428571429,0.25966538461538463,0.03606666666666666,0.23786923076923075,0.0,4.797961,7.371908,6.8364,5.349238,4.215328,-34.6
Ethereum Classic,ETC,151,93,46,28,24,0.13956111111111114,0.30685,0.359375,0.3185625,0.0,32.360545,38.424628,18.853398,15.234023,11.842739,-16.99
NEM,XEM,42,34,29,46,78,0.369775,0.09943333333333333,0.39063333333333333,0.4998,0.7552000000000001,0.283017,0.457714,0.407971,0.36025,0.343495,-38.55
Maker,MKR,49,45,49,38,22,0.27202884615384615,0.27852916666666666,0.43376086956521737,0.36869999999999997,0.4422388888888889,4211.809868,3394.038297,2226.776209,2490.774059,1988.130932,23.65
Ontology,ONT,42,32,32,38,39,0.26625,0.29565,0.49315,0.0,0.5541,1.5409,2.349362,2.011506,1.773057,1.286309,-34.72
Crypto.com Chain,CRO,799,679,566,728,851,0.4785085714285714,0.2026766666666667,0.47720454545454544,0.48683999999999994,0.28222,0.173704,0.236456,0.210365,0.215624,0.213039,-26.3
Zcash,ZEC,169,138,157,86,76,0.32592,0.10442142857142857,0.11489999999999999,0.5369,0.563675,217.779624,270.512421,195.345602,169.567407,133.56162,-19.56
V Systems,VSYS,1,50,1,1,2,0.3825154320987656,0.503088,0.32005000000000006,0.4475349999999999,0.4628738095238095,0.036865,0.053303,0.051942,0.052695,0.027921,-32.26
USD Coin,USDC,37,21,27,83,17,0.3050337837837838,0.437559090909091,0.4538892857142858,0.20589833333333332,0.47364666666666666,1.003053,1.001781,1.002419,1.000612,1.003674,2.41
Dogecoin,DOGE,28571,16292,4511,4982,5671,0.2207852941176472,0.2289853846153847,0.3937625,0.2109722222222222,0.3697,0.245022,0.356766,0.062825,0.058107,0.054044,-24.08
Bitcoin Gold,BTG,39,42,42,14,11,0.40114186046511624,0.3897515151515152,0.2927611111111111,0.2793257575757576,0.19483214285714287,86.453588,127.863015,130.113291,42.367619,34.140127,-32.34
Basic Attention Token,BAT,228,199,215,169,180,0.48403,0.7357666666666667,0.376925,0.5157666666666666,0.7684333333333333,1.138754,1.537642,1.554843,1.207506,1.078009,-26.01
VeChain Thor,VET,419,395,234,201,234,0.48166666666666663,-0.51025,0.71425,0.0,0.7258,0.203946,0.242657,0.126797,0.09466,0.090167,-16.4
Qtum,QTUM,17,27,41,26,14,0.3270166666666667,0.014075000000000004,0.2997,-0.27115,0.0,12.839144,19.054042,16.163204,10.308918,8.704907,-31.94
Decred,DCR,11,8,10,16,10,0.25350000000000006,-0.27155,0.7596,0.0,0.49995,185.027056,245.83628,191.888331,182.983938,157.310642,-24.24
Huobi Token,HT,13,28,16,12,13,0.486375,0.78375,0.49995,0.8147500000000001,0.0,18.282526,20.427187,18.358329,16.926412,12.900033,-10.61
OMG Network,OMG,10,7,12,7,10,0.4292,0.0,0.44585,0.0,0.0,6.57807,10.407396,10.612733,7.620138,5.33759,-36.91
TrueUSD,TUSD,8,7,4,1,3,0.41396749999999993,0.12978000000000006,0.7808375000000001,0.34567857142857145,0.367625,1.000395,1.000842,1.00397,1.00087,1.003459,0.69
Ravencoin,RVN,274,229,176,232,234,0.377925,0.23785,0.16918333333333338,0.0903,0.0,0.142553,0.202732,0.189329,0.192887,0.201416,-29.44
Nano,NANO,472,181,159,172,249,0.3321317757009346,0.390525641025641,0.35513874999999995,0.3280194444444444,0.40396785714285716,8.042784,6.093995,6.123627,5.112547,4.432346,67.48
Lisk,LSK,33,15,34,17,20,0.11053750000000001,0.12922499999999998,0.0,-0.20095,0.0,4.130476,6.977134,7.100341,5.991225,4.485361,-40.67
BitTorrent,BTT,11,3,12,20,9,0.3837125,0.0,0.2775833333333333,0.0,0.32305000000000006,0.006528,0.008124,0.010053,0.006782,0.003553,-17.51
Bitcoin Diamond,BCD,8,1,2,1,8,0.56735625,0.5749,0.15457499999999996,0.79225,0.48991874999999996,2.214719,3.251324,2.896806,1.408905,1.088234,-31.84
Holo,HOT,53,94,99,146,70,0.1806,0.61,0.35245,0.27021249999999997,0.0,0.012201,0.019125,0.021159,0.024173,0.010429,-36.98
KuCoin Shares,KCS,563,556,566,357,358,0.5934,0.6382749999999999,0.82885,0.0,0.0896,11.97956,14.118044,17.228767,7.22512,4.988306,-19.18
Waves,WAVES,27,44,28,23,26,0.2333142857142857,0.20373333333333332,0.2728578947368421,0.423515,0.37833124999999995,15.212995,16.50129,16.837793,13.069542,12.494226,-8.61
0x,ZRX,9,11,5,11,10,0.2314375,0.2887,0.0,0.33806250000000004,0.5626000000000001,1.461249,2.129307,2.244189,2.011002,1.394245,-31.29
Pundi X,NPXS,276,342,334,345,302,-0.06030000000000002,0.0,0.0,0.42205000000000004,0.1318,0.001998,0.004357,0.00259,0.007024,0.008446,-42.33
Augur,REP,15,23,19,11,16,-0.11754999999999997,0.02200000000000002,0.44585,0.03200000000000003,0.49725,,,,,,19.67
ICON,ICX,60,65,25,63,49,0.27948750000000006,0.21905454545454547,0.26085714285714284,0.30930625,0.27705,1.842551,2.670057,2.69882,2.801727,2.056445,-31.23
DigiByte,DGB,233,129,108,95,121,0.26901,0.42405,0.0,0.0,0.5290333333333334,0.126022,0.11216,0.087508,0.080416,0.067423,11.75
Komodo,KMD,20,7,12,17,18,0.12675000000000003,-0.27155,0.44655,0.2463,0.49995,2.094991,3.745228,4.811473,2.911744,1.931051,-41.99
BitShares,BTS,5,2,17,8,1,0.4010621951219512,0.5071080000000001,0.47986136363636367,0.46885909090909084,0.5169374999999999,0.093955,0.148866,0.124335,0.112683,0.073333,-38.01
IOStoken,IOST,8,4,3,5,7,0.0,0.0,0.0,0.0,0.0,0.048888,0.071942,0.054116,0.056437,0.049565,-33.06
Bytecoin,BCN,53,43,51,18,10,0.3572,0.0,0.4311,0.0,0.49995,0.000813,0.000864,0.000953,0.000597,0.000562,-2.58
Bytom,BTM,9,4,2,1,4,0.0,-0.27155,0.0,0.0,0.0,0.17658,0.273748,0.182281,0.176917,0.103746,-36.0
Siacoin,SC,344,185,127,140,185,0.2343363636363636,0.3136416666666667,0.27238333333333337,0.13542500000000002,0.24976666666666666,0.033024,0.042636,0.03103,0.031247,0.021543,-22.25
Theta Token,THETA,29,31,28,37,99,0.30748333333333333,0.701025,-0.1779,0.009225000000000011,0.327625,9.925858,14.481523,12.89797,11.756252,12.677779,-30.91
EDUCare,EKT,3,4,1,2,5,0.0,0.0,0.0,0.0,0.0,0.010013,0.01022,0.010517,0.010902,0.007615,-0.45
Insight Chain,INB,5,2,5,1,1,0.47706,0.45337500000000003,0.59691,0.3378,0.4998,1.667151,1.948263,1.693069,1.568943,1.469544,-14.51
Nash Exchange,NEX,6,2,4,9,7,0.0,0.0,0.0,0.0,0.0,1.365363,1.454491,1.708041,2.535628,2.534486,-0.55
Energi,NRG,13,14,12,17,5,0.33242063492063484,0.3426176470588235,0.2770027777777778,0.16298125,0.3353772727272727,3.335066,4.038327,3.875642,3.842145,3.208551,-27.36
Quant,QNT,24,5,4,12,9,0.3431214285714286,0.24995,0.49995,-0.29645,0.184225,37.886804,40.114002,40.101533,42.038468,41.452395,-5.08
Zilliqa,ZIL,224,180,217,220,293,0.3574833333333333,0.0,0.0,0.48305,0.21556666666666666,0.158408,0.236865,0.222806,0.205492,0.168297,-34.26
Verge,XVG,26,9,20,14,11,0.376625,-0.27155,0.2781,0.0,0.34146,0.048555,0.066544,0.044299,0.044974,0.031022,-27.85
Aeternity,AE,14,7,16,7,9,0.0,0.0,0.0,0.0,0.4995,0.24093,0.433574,0.266157,0.217401,0.173943,-40.46
Walton,WTC,17,7,9,8,3,0.0,-0.27155,0.0,-0.01629999999999998,0.0,1.378096,1.989031,2.12422,1.881602,1.619182,-31.58
REN,REN,21,19,13,14,17,0.24165624999999996,0.6234875,0.49315,0.1945,0.0,0.788452,1.157848,1.049997,1.10528,0.956156,-32.59
Steem,STEEM,6,11,19,13,2,0.46058750000000004,0.0,0.0,-0.2692,0.18839999999999998,0.692327,1.449246,1.426785,1.301002,0.719037,-50.94
Dai,DAI,6,5,4,1,6,0.34225270270270275,0.512375,0.3055,0.3313133333333334,0.3715923076923077,1.001288,1.002506,1.00359,1.000675,1.00282,1.14
NEXT,NET,83,54,35,40,37,0.3292265060240965,0.3958000000000001,0.3484442857142857,0.31403875000000003,0.4282445945945946,0.0,0.0,0.0,0.0,0.0,0.0
Zcoin,XZC,5,4,8,2,2,0.25350000000000006,-0.27155,0.0,0.0,0.49995,9.846163,12.653033,11.802462,9.081081,7.270185,-21.38
Status,SNT,2,2,1,6,4,0.28655909090909093,0.2536333333333334,0.30204629629629626,0.2832315789473685,0.38885357142857135,0.138173,0.277228,0.184801,0.156298,0.118447,-50.54
Crypto.com,MCO,1317,1080,1260,1156,1100,0.3729448717948718,0.48834375000000013,0.42008837209302324,0.3991584745762713,0.42070227272727273,3.464774,42.530889,13.415353,3.773393,3.360711,-35.99
Ardor,ARDR,18,21,24,16,20,0.25350000000000006,0.0,0.0,0.0,0.0,0.298571,0.468262,0.546361,0.437982,0.275721,-38.0
Enjin Coin,ENJ,164,148,177,97,104,-0.696,0.4804125,0.42280555555555555,0.5971,0.6095,2.216703,3.07726,3.536277,2.609277,2.333478,-28.67
Golem,GNT,16,27,38,16,19,0.25350000000000006,0.01100000000000001,0.3283,0.24402500000000002,0.0,0.491289,0.561285,0.538749,0.559294,0.44265,-36.85
Nexo,NEXO,153,202,185,168,150,0.27832105263157897,0.4142964285714286,0.36586363636363634,0.5929928571428571,0.3100125,3.444485,3.696331,2.878108,2.823337,2.660797,-4.49
SOLVE,SOLVE,11,7,10,6,7,0.25297077922077926,0.37054761904761896,0.3195272727272727,0.342875,0.49477352941176467,0.217275,0.363058,0.421158,0.500432,0.311478,-41.16
U Network,UUU,68,52,48,53,29,0.3963705882352941,0.3288942307692308,0.35485000000000005,0.3823084905660376,0.3826965517241381,0.000924,0.001485,0.001569,0.00124,0.001148,-38.02
Metaverse ETP,ETP,223,189,123,130,124,0.0,0.0,0.0,0.0,0.0,0.39384,0.467343,0.466148,0.457413,0.329757,-16.08
Horizen,ZEN,43,32,23,30,41,0.0,0.16541666666666668,0.8382499999999999,0.0,0.49995,,124.786116,72.441526,59.899339,49.928165,-16.13
Fusion,FSN,7,8,12,10,12,0.556625,0.73965,0.168075,0.0,0.0,0.925061,1.694156,1.418316,1.367553,1.369597,-42.08
Grin,GRIN,12,22,24,2,7,0.49965,0.4999,-0.04475,0.0,0.32547499999999996,0.399024,0.930171,0.806738,0.609657,0.523101,-20.41
Electroneum,ETN,49,36,37,49,76,0.0,0.3077125,0.0,0.0,0.0,0.018692,0.025239,0.028267,0.030536,0.038993,-23.21
Populous,PPT,18,1,11,14,4,0.29030833333333333,0.350242105263158,0.25725454545454546,0.26423571428571424,0.59365,4.103147,6.734543,5.039634,3.059291,2.856442,-38.64
Dent,DENT,43,46,35,25,47,-0.0892,0.02200000000000002,0.47914999999999996,0.3403875,0.145625,0.006715,0.011583,0.015043,0.015077,0.010591,-39.81
Elastos,ELA,13,21,26,14,45,0.0,0.0,0.0,0.0,0.0,6.664308,10.88399,9.731792,6.608231,8.161506,-37.89
Decentraland,MANA,497,300,341,435,466,0.2428727272727273,0.17556999999999998,0.29801875000000005,0.25612083333333335,0.81225,1.155565,1.344677,1.071716,1.055282,0.902199,-9.9
Loopring,LRC,36,27,33,17,32,0.26202500000000006,0.0,0.479875,0.274175,0.49805,0.465405,0.642137,0.557558,0.570669,0.502594,-25.52
Fantom,FTM,43,34,39,32,49,0.2884,0.0,0.0,0.49425,-0.004150000000000005,0.313437,0.455206,0.453473,0.427581,0.367766,-30.34
Ark,ARK,38,20,34,31,28,0.23210999999999998,0.03318,0.6406000000000001,0.066325,0.3164,1.512669,2.455714,3.054662,2.759925,1.756122,-37.52
Aion,AION,50,36,27,57,37,0.0,0.0,0.6476999999999999,0.0,0.85145,0.264424,0.412784,0.457506,0.38202,0.274748,-36.42
Factom,FCT,4,10,4,3,3,-0.17604999999999998,-0.27155,0.0,0.0,0.0,2.140849,2.294889,2.069284,2.304597,7.506965,-15.22
ReddCoin,RDD,119,35,44,51,53,0.287975,0.18874375000000002,0.48417499999999997,0.48391249999999997,-0.387675,0.00745,0.007746,0.007837,0.00647,0.005073,6.68
Nuls,NULS,4,3,6,6,11,0.3393,0.0,0.0,0.4997,0.0,0.903202,1.343668,1.37614,1.119294,0.87025,-29.44
LAToken,LA,163,104,72,113,124,0.0,0.0,0.30194999999999994,0.0,0.0,0.238526,0.375801,0.189216,0.15968,0.175704,-32.45
TomoChain,TOMO,3,10,8,3,1,0.0,0.33304999999999996,0.0,0.0,0.0,2.001465,3.157483,3.113108,2.799144,2.498367,-36.37
EURS,EURS,10,6,5,4,3,0.20421999999999998,0.4267083333333334,0.27873000000000003,0.014100000000000001,0.7535,1.173706,1.111435,1.194168,1.215931,1.218792,5.25
Kyber Network,KNC,32,32,26,3,33,0.7766500000000001,0.0,0.0,0.0,0.0,2.518093,3.778953,3.563309,3.122125,2.495138,-34.14
Loom Network,LOOM,12,4,2,1,2,0.0,0.6910000000000001,0.0,0.0,0.0,0.108662,0.188974,0.229646,0.256066,0.163807,-38.47
TrueChain,TRUE,14,7,1,4,3,0.4602214285714286,0.52095,0.47695,0.031487500000000015,0.3938,0.249695,0.387463,0.356005,0.338836,0.249803,-36.79
Synthetix Network Token,SNX,26,21,19,15,15,0.658925,0.78575,0.0,0.5628666666666667,0.0,14.422964,20.950126,19.498809,21.434372,17.519052,-30.43
Power Ledger,POWR,7,8,7,9,6,0.46718571428571426,0.28998,0.4602166666666667,0.5636625000000001,0.6028125000000001,0.314492,0.562096,0.641849,0.639149,0.412702,-40.07
Bancor,BNT,48,44,85,49,61,0.3724166666666667,0.0,0.34218333333333334,0.4993,0.0,6.123787,7.787163,7.265262,7.908515,7.32801,-19.92
QuarkChain,QKC,2,7,3,14,8,0.0,0.49945,0.6476999999999999,0.0,0.0,0.023286,0.040697,0.044986,0.060226,0.038791,-40.87
Wanchain,WAN,31,79,22,57,21,0.0,0.0,-0.7984,0.0,0.0,1.365178,2.128846,1.97637,1.74143,1.249253,-35.36
Theta Fuel,TFUEL,4,1,3,17,5,0.0,0.29565,0.0,-0.05135,0.5541,0.2629,0.417354,0.405751,0.459116,0.423672,-33.28
Celer Network,CELR,77,102,82,92,106,0.0,0.0,0.45955,0.0,0.0,0.046048,0.068441,0.068268,0.080149,0.069754,-32.09
BEAM,BEAM,9,6,2,6,10,0.41705000000000003,0.0,0.47192500000000004,-0.48335,0.49995,1.183746,1.570393,1.300236,1.190592,1.056244,-23.68
PIVX,PIVX,13,19,19,30,32,0.4990333333333333,-0.27155,0.0,0.0,0.49995,1.312206,1.871988,1.879082,1.44225,1.575768,-28.87
Newton,NEW,6,1,4,1,1,0.464475,0.48905,0.370675,-0.1909,0.0877,0.000929,0.001541,0.001532,0.001219,0.000934,-31.04
Harmony,ONE,441,319,320,341,483,0.48736388888888893,0.26692499999999997,0.2698666666666667,0.519675,0.2961785714285714,0.099841,0.141825,0.15783,0.169106,0.181371,-27.79
Hyperion,HYN,10,8,4,10,10,0.0,0.0,0.0,0.4354,0.0,0.046135,0.058182,0.020565,0.058196,0.076478,84.3
Crypterium,CRPT,28,20,20,11,11,0.34565,-0.3331,0.0,0.0,0.0,0.317775,0.412688,0.467245,0.422785,0.426629,-22.04
CRYPTO20,C20,6,9,2,3,4,0.49915,0.28285,0.0,0.0,0.0,3.910984,4.795005,3.61022,3.541335,2.895496,-15.63
Polygon (previously Matic),MATIC,238,223,191,247,169,0.0,0.0,0.0,0.0,0.0,0.356441,0.433863,0.368399,0.382817,0.336822,-16.22
Aragon,ANT,13,8,3,3,9,0.0,-0.27155,0.0,0.0,0.09531666666666667,7.60089,10.324363,12.249253,11.68446,9.91743,-24.93
IoTeX,IOTX,40,45,28,26,20,0.0,0.232475,0.0,0.4997,0.0,0.036792,0.049914,0.052833,0.051329,0.041263,-21.18
Storj,STORJ,76,58,33,156,69,0.26919166666666666,0.3393,0.49265833333333336,0.2467653846153846,0.0638,1.754583,2.52445,2.649491,3.084626,1.584912,-27.68
Blockchain of Hash Power,BHP,7,3,3,4,2,0.5346571428571429,0.5404166666666667,0.44376666666666664,0.6308125,0.618825,0.615079,0.688093,0.626993,0.619303,0.619591,-6.84
Polymath,POLY,38,51,74,35,40,-0.39225,0.0,0.0,0.0,0.255175,0.285183,0.493822,0.599599,0.700152,0.573602,-38.35
Telcoin,TEL,47,47,40,27,49,0.0,0.0,0.0,0.0,0.0,0.005765,0.007899,0.007146,0.008492,0.007174,-24.21
Bit-Z Token,BZ,41,27,24,22,6,0.4375170731707317,0.377625925925926,0.41761875,0.4138227272727273,0.24102499999999996,0.413398,0.488193,0.39619,0.3724,0.383564,-17.27
Fetch,FET,31,35,24,28,25,0.30703125,0.32875,0.49835,0.414925,0.2916,0.405544,0.607565,0.686343,0.694169,0.701221,-34.06
Bread,BRD,18,16,8,2,6,0.4047750000000001,0.43052500000000005,0.45118571428571436,0.48272499999999996,0.8654999999999999,0.286275,0.398939,0.512418,0.466548,0.350376,-26.73
iExec RLC,RLC,4,6,6,2,16,0.25350000000000006,0.0,0.0,0.0,0.0,1.977379,2.906547,2.91365,2.775436,2.100102,-31.99
Groestlcoin,GRS,2,7,11,4,18,0.0,-0.27155,0.0,0.12335000000000002,0.49995,0.994,1.704591,2.220367,1.56358,0.909119,-38.11
Gas,GAS,2,2,2,2,2,0.3261943298969073,0.29035673076923074,0.30410581395348846,0.29490571428571416,0.4684090909090909,11.339965,20.597581,16.012549,16.719951,11.866819,-42.17
Syscoin,SYS,14,9,4,15,17,0.25350000000000006,0.02200000000000002,0.0,0.0,0.0,0.315475,0.425612,0.387614,0.342983,0.286108,-28.39
Nxt,NXT,6,2,1,2,6,0.25350000000000006,0.0,0.0,0.0,0.0,0.057098,0.081904,0.09309,0.054166,0.044138,-27.32
IoT Chain,ITC,23,1,11,7,3,0.44718043478260866,0.42924999999999996,0.556309090909091,0.5072857142857142,0.5780333333333334,0.128363,0.196819,0.175457,0.159835,0.09945,-28.23
Cortex,CTXC,5,7,3,1,4,0.0,0.0,0.0,0.0,0.0,0.284618,0.389105,0.391179,0.320478,0.444245,-25.9
FunFair,FUN,7,6,12,6,13,0.539595,0.161575,0.457225,0.5085875,0.49975,0.02983,0.041734,0.048978,0.039661,0.035253,-27.42
Civic,CVC,9,8,8,10,10,0.5296666666666666,-0.1261,0.0,0.0,0.0,0.419141,0.715385,0.633612,0.731006,0.448061,-35.24
Obyte,GBYTE,2,18,4,3,5,0.25350000000000006,0.0,0.0,0.0,0.0,60.807331,101.087404,38.376648,36.974871,33.54693,-40.33
Gnosis,GNO,98,72,65,41,54,0.0,0.0,0.36445,0.0,0.49805,183.945906,187.669761,168.253959,171.424048,142.440785,-1.94
Mithril,MITH,38,65,49,45,60,0.0,0.0,0.329325,0.0,0.0,0.077269,0.142847,0.142494,0.065837,0.047027,-46.13
Vertcoin,VTC,240,65,83,59,82,0.1848375,-0.04749999999999999,0.0,0.4636,0.5784,1.035767,0.778581,0.671705,0.668998,0.649439,111.63
MediBlocX,MEDX,12,12,34,35,8,0.0,0.0,0.0,0.0,0.0,,,,,,0.0
Metal,MTL,9,3,4,30,3,0.3909083333333334,0.36815357142857147,0.5573,0.37816785714285717,0.438725,3.129514,4.608188,5.883643,5.481132,1.777035,-29.12
CasinoCoin,CSC,3,3,1,2,4,0.511325,0.6769874999999999,0.37555000000000005,0.573225,0.5563250000000001,,0.004498,0.003728,0.001516,0.000966,-24.55
Content Value Network ,CVNT,3,4,6,5,3,0.16494999999999996,0.5302375,0.5759416666666667,0.5001,0.556,,,,,,0.13
TenX,PAY,26,34,1,17,12,0.36054807692307694,0.4031544117647058,0.30709666666666663,0.34315882352941174,0.5232958333333334,0.09738,0.156114,0.147243,0.150435,0.161697,-32.0
High Performance Blockchain,HPB,8,3,11,7,6,0.4456291666666666,0.55809,0.5367,0.48295,0.5059,0.273168,0.517135,0.583529,0.373725,0.34888,-45.72
Nexus,NXS,8,9,13,6,7,0.015675000000000022,-0.27155,0.0,0.0,0.0,1.307409,1.472146,1.558002,1.532131,1.211061,-9.11
Ankr,ANKR,2,6,7,8,4,0.3795892857142857,0.15913333333333335,0.32102142857142857,0.4175625,0.280775,0.132656,0.200992,0.16694,0.177164,0.136975,-32.95
SingularityNET,AGI,24,36,30,25,27,0.0,0.0,0.0,0.0,0.0,0.342266,0.459017,0.468896,0.372181,0.285237,-23.61
UTRUST,UTK,4,3,6,10,13,0.0,0.0,0.0,0.42995,0.0,0.421016,0.629632,0.607321,0.611329,0.544682,-32.57
LTO Network,LTO,33,36,25,49,52,0.5098,0.1727,0.55435,0.2158875,0.20095,0.409765,0.689828,0.804861,0.873448,0.728593,-39.81
Particl,PART,6,6,2,5,6,0.0,0.3249,0.0,0.0,0.0,1.317249,1.358281,1.142491,1.299579,0.93955,4.27
Monolith,TKN,5,5,2,4,7,0.0,0.4792,0.7298,0.0,0.0,0.438734,0.459009,0.380914,0.354733,0.314261,-0.44
Quantum Resistant Ledger,QRL,5,3,6,4,1,0.0,0.0,0.249975,0.0,0.0,0.477908,0.476857,0.42644,0.483222,0.282198,6.79
Clams,CLAM,12,12,10,7,2,0.0,0.0,0.0,0.0,0.0,0.544876,0.672885,0.330899,,,-0.34
Own,CHX,102,121,60,68,69,0.37794214285714284,0.42223863636363657,0.37089905660377365,0.42326016949152545,0.43178260869565216,0.041022,0.054645,0.049205,0.090792,0.074127,-23.58
REPO,REPO,3,3,3,6,1,0.43965000000000004,0.7813500000000001,0.6594833333333333,0.5589583333333333,0.4557,0.107555,0.090947,0.186422,0.131573,0.128121,10.31
Storm,STORM,58,59,61,95,125,0.178884375,0.47424999999999995,0.51605,0.2237666666666667,0.5166666666666667,,,,,,-0.29
Contents Protocol,CPT,3,3,5,4,3,0.2452833333333333,0.5627333333333333,0.23092000000000001,0.3899,0.6179666666666667,0.0,0.0,0.0,0.0,0.0,0.0
Everipedia,IQ,17,5,18,8,18,0.0,0.0,0.0,0.0,0.0,0.017787,0.025155,0.031222,0.040811,0.026153,-30.67
Internet Node Token,INT,10,2,1,5,1,0.52326,0.4988,0.49995,0.49117500000000003,0.49974999999999997,0.021233,0.027699,0.028898,0.015105,0.01315,-16.25
Top Network,TOP,1,2,2,1,11,0.42986451612903226,0.31884500000000005,0.5237911764705883,0.44458437500000003,0.4253227272727273,0.00419,0.006501,0.005392,0.004489,0.004005,-35.35
IRIS Network,IRIS,1,1,5,7,2,0.48925,0.0,0.49995,0.0,0.0,0.129262,0.212585,0.217132,0.212641,0.217317,-38.98
IDEX,IDEX,3,3,11,4,1,0.0,-0.005249999999999977,0.0,0.0,0.0,0.122167,0.160521,0.182783,0.148232,0.154565,-22.67
Neblio,NEBL,5,9,9,17,8,0.0,0.0,0.0,0.0,0.0,2.815878,4.383267,3.271381,3.014984,2.554613,-34.16
Everex,EVX,7,6,9,9,10,0.0,0.0,0.0,0.0,0.0,1.188984,1.302946,1.276389,1.048402,0.878186,-8.16
APIS,APIS,73,46,34,37,18,0.3892198630136986,0.43654021739130444,0.44333529411764694,0.3937878378378379,0.4091222222222223,1.9e-05,,1e-06,0.0,,125.89
Kin,KIN,156,170,320,286,351,0.33067500000000005,0.0,0.0,0.0,0.37885,0.000168,0.000287,0.000373,0.000339,0.000214,-39.19
SALT,SALT,1,12,16,2,7,0.4006222222222222,0.4648125,0.4682375,0.36493928571428574,0.19644285714285714,0.480175,0.68773,0.425838,0.545656,0.414038,-27.37
Cosmo Coin,COSM,140,83,52,74,67,0.4025733333333333,0.5467166666666666,0.45664166666666667,0.5283444444444444,0.499675,0.002021,,0.003011,0.004014,0.001392,-5.11
Voyager Token,VGX,213,210,202,147,182,-0.03612499999999999,0.581575,0.51455,0.461025,0.0,3.045939,4.443182,4.098581,4.106644,5.36658,-30.35
Dentacoin,DCN,10,13,19,8,42,0.0,0.423,0.30015,0.0,0.0,8.4e-05,0.000144,0.000167,9.9e-05,0.000148,-41.31
Incent,INCNT,36,21,17,14,14,0.3383180555555556,0.38305714285714293,0.4872588235294118,0.41833571428571437,0.3615464285714286,0.0,0.0,0.0,0.0,0.0,
Raiden Network Token,RDN,3,2,2,9,1,0.65245,0.0,0.0,0.0,0.0,1.093227,1.163364,1.307801,1.136669,0.695331,-4.48
VITE,VITE,25,24,10,3,16,-0.7036,0.3953,0.19443749999999999,0.0,0.5266,0.130519,0.205535,0.327157,0.155425,0.120678,-35.48
Wagerr,WGR,9,3,6,10,10,0.0,0.8168,0.0,0.0,0.0,0.109919,0.108606,0.102956,0.11129,0.082187,1.87
Dusk Network,DUSK,17,5,5,1,1,0.20215000000000002,0.0,0.0,-0.48035,0.0,0.20946,0.370098,0.399067,0.395457,0.352423,-41.98
Reserve Rights,RSR,5,7,4,8,2,0.31699,0.43931428571428566,0.3037625,0.13780625,0.52455,0.076014,0.111298,0.078304,0.08748,0.080869,-30.08
EDC Blockchain,EDC,1,1,2,3,1,0.0,0.0,0.0,0.0,0.0,0.023094,0.023815,0.027204,0.030716,0.034436,-1.51
Burst,BURST,2,6,17,7,1,0.18985625,0.37057777777777784,0.16452857142857139,0.2664,0.24405,0.012683,0.012905,0.010486,0.00885,0.004418,5.58
Peercoin,PPC,13,14,20,10,5,0.28101666666666664,-0.27155,0.0,0.0,0.0,0.837934,0.182349,0.959918,0.00379,0.004112,9999.999
Aeon,AEON,14,8,2,1,2,0.0,0.0,0.0,0.0,0.0,1.772733,1.279232,0.62889,0.522754,0.473852,31.08
Lightning Bitcoin,LBTC,11,7,9,2,1,0.3736272727272727,0.22313571428571427,0.17188888888888887,0.5732,0.60244,2.426811,2.700743,2.344458,2.097532,1.972975,-11.7
Time New Bank,TNB,40,24,25,23,12,0.28884999999999994,0.40090833333333337,0.43127799999999994,0.4844152173913044,0.5029458333333333,0.003874,0.004044,0.003441,0.003038,0.002585,31.9
PumaPay,PMA,8,1,5,8,5,0.0,0.0,0.0,0.0,0.0,0.000791,0.000497,0.000547,0.000275,0.000493,0.19
Pirate Chain,ARRR,275,110,20,8,15,0.541675,0.0,0.4998,0.0,0.49995,13.926995,2.469146,0.656244,0.165427,0.182688,470.08
Matrix AI Network,MAN,4,13,3,2,7,0.0,0.0,0.0,0.0,0.0,0.106655,0.123966,0.099719,0.098295,0.093786,-8.32
Po.et,POE,1,3,1,5,8,0.4993,0.0,0.0,0.0,0.0,0.000734,0.001176,0.000727,0.000896,0.000322,-44.29
AdEx,ADX,6,4,5,16,11,0.553575,0.02200000000000002,0.0,0.4988,0.0,1.029978,1.447959,1.629011,1.554301,1.149957,-29.54
Thekey,TKY,6,2,8,2,9,0.0,0.0,0.0,0.0,0.0,0.002054,0.002514,0.003131,0.002854,0.002216,-22.0
TokenClub,TCT,2,2,3,2,3,0.270825,0.34072500000000006,0.6478,0.493325,-0.14957499999999999,0.035734,0.061407,0.074388,0.050972,0.04991,-40.88
Request Network,REQ,18,15,18,19,12,0.1649428571428571,0.8366250000000001,0.3226416666666667,0.4252625,0.511635,0.117453,0.158023,0.163215,0.161312,0.139114,-23.9
GoChain,GO,15,6,9,4,4,0.39698461538461555,0.4834602941176471,0.5311869565217392,0.32113888888888886,0.3337964285714286,0.040182,0.055498,0.070508,0.070768,0.057594,-27.67
Hydro,HYDRO,7,2,10,4,2,0.0,0.49885,0.0,0.0,0.0,,,,,,0.0
Streamr DATAcoin,DATA,11,11,11,13,12,0.0,0.0,0.0,0.0,0.0,0.122264,0.196035,0.202906,0.176251,0.163764,-35.18
TokenPay,TPAY,45,38,33,2,1,0.43547555555555556,0.35323421052631593,0.47701818181818184,0.3742810344827586,0.4643590909090909,0.04251,0.053204,0.053721,0.058224,0.049751,-24.4
Simple Token,OST,29,13,13,14,8,0.3858189655172413,0.49100384615384624,0.5403923076923077,0.38985357142857147,0.4306,0.028351,0.040615,0.051385,0.04013,0.034233,-28.29
VeriBlock,VBK,3,25,21,14,11,0.3728588235294117,0.251206,0.3655785714285714,0.33333214285714285,0.5759363636363637,,,0.0,0.0,,0.0
Quantstamp,QSP,5,3,1,3,6,0.0,0.0,0.0,0.0,0.0,0.067497,0.102581,0.116741,0.119006,0.093965,-31.02
DeepBrain Wallet,DBC,1,2,4,3,5,0.89195,0.17830000000000001,0.0,0.81705,0.0,0.010833,0.016515,0.019176,0.01172,0.013961,-32.5
DATA,DTA,74,2,2,56,29,0.3572094594594595,0.3719795454545455,0.29115666666666673,0.3313383928571429,0.34863275862068965,0.001696,0.002464,0.001605,0.00134,0.000981,-30.94
Genesis Vision,GVT,9,11,7,7,6,0.45675,0.0,0.0,0.4997,0.51125,7.887926,14.250462,12.399607,10.531726,6.587761,-43.43
Nav Coin,NAV,11,4,12,18,12,0.0899,-0.27155,0.0,0.0,0.47097500000000003,0.579772,0.748289,0.891796,0.775831,0.708423,-20.51
All Sports,SOC,8,6,9,7,6,0.40405625000000006,0.6033083333333333,0.4852444444444445,0.4852571428571429,0.58175,0.010409,0.027293,0.04023,0.020708,0.022737,-47.22
Everus,EVR,4,2,2,8,1,0.0,0.0,0.0,0.0,0.0,0.013682,0.020025,0.019741,0.013316,0.007578,-31.23
Bluzelle,BLZ,31,51,46,104,40,0.0,0.0,0.0,0.0,0.348725,0.309743,0.508815,0.532292,0.532112,0.414606,-39.39
BitNewChain,BTN,11,5,6,3,1,0.3559363636363636,0.58735,0.5849916666666667,0.5497166666666667,0.49835,0.0,0.0,0.0,0.0,0.0,150.0
WhiteCoin,XWC,2,1,10,3,2,0.32147000000000003,0.43894000000000005,0.34636,0.27505416666666666,0.315425,1.648315,1.726921,1.516281,1.519625,1.736596,-2.8
Credits,CS,2,47,9,4,7,0.26526066666666676,0.3410382978723404,0.4586060606060607,0.3989365853658537,0.40921599999999997,0.0855,0.097384,0.117899,0.135174,0.144048,-8.32
Tael,WABI,19,27,19,20,8,0.0,0.0,0.0,0.0,0.0,0.404265,0.631272,0.808264,0.679295,0.595057,-39.57
SmartCash,SMART,6,10,13,9,3,0.4326732142857142,0.4498125,0.45795,0.2654083333333333,0.60515,0.013186,0.018744,0.018562,0.007988,0.006425,-24.93
Dero,DERO,12,14,11,8,20,0.0,0.0,0.0,0.0,0.49995,7.702975,2.895082,3.899709,2.248212,1.799983,118.27
Numeraire,NMR,3,4,5,3,10,0.7351000000000001,0.0,0.16770000000000002,0.0,0.0,61.912258,74.149641,76.807887,54.269589,46.730877,-15.58
Viacoin,VIA,17,3,3,6,2,0.0,-0.27155,0.0,0.0,0.0,1.934356,1.54389,1.666887,1.31051,1.159921,19.37
DMarket,DMT,13,114,65,8,11,0.0,0.0,0.0,0.0,0.0,0.892664,1.383452,2.098157,1.983645,1.079038,-35.01
Safex Token,SFT,7,4,5,3,3,0.0,0.0,0.0,0.0,0.0,0.005437,0.007721,0.006824,0.007542,0.00611,-23.34
Gemini Dollar,GUSD,4,2,1,6,1,0.72685,0.0,0.503475,0.31620000000000004,0.0,1.004981,0.990175,1.000019,0.995667,1.011281,3.26
Invictus Hyperion Fund,IHF,3,4,1,4,3,0.0,0.0,0.0,0.4354,0.0,0.219871,0.225434,0.232706,0.245549,0.231401,-5.57
BLOCKv,VEE,3,6,2,5,2,0.0,0.0,0.0,0.0,0.0,0.00541,0.005728,0.005906,0.00721,0.004649,-0.12
Morpheus Network,MRPH,1,2,3,1,2,0.7743,0.0,0.49945,0.0,0.23835,2.234537,2.053631,3.04559,3.168803,2.178687,15.49
MediBloc,MED,10,7,21,19,3,0.0,0.0,0.0,0.0,0.0,0.15228,0.184352,0.174771,0.079652,0.071792,-15.3
Refereum,RFR,109,110,100,49,57,0.0,0.19815000000000002,0.0,0.0,0.0,0.015228,0.027037,0.034644,0.042507,0.031882,-42.85
Game.com,GTC,41,26,18,19,10,0.4384170731707318,0.47812500000000013,0.4134222222222223,0.40797894736842094,0.23404999999999995,0.008236,0.012431,0.012365,0.009641,0.008083,-30.09
Universa Token,UTNP,4,4,3,1,5,0.0,0.0,0.0,0.0,0.0,0.004028,0.004354,0.004184,0.003394,0.00343,1.93
Litecoin Cash,LCC,3,3,3,2,2,0.35923571428571427,0.47464999999999996,0.4122277777777778,0.32873571428571424,0.507225,0.009155,0.009191,0.009201,0.009958,0.00912,2.33
Lympo,LYM,2,3,1,7,27,0.0,0.0,0.0,0.0,0.0,0.03229,0.048057,0.051087,0.054107,0.063836,-28.69
DigitalNote,XDN,10,7,5,6,2,0.3891454545454545,0.5543625,0.4297,0.46442916666666667,0.5027875,0.004567,0.004253,0.004657,0.004716,0.003836,-2.62
AirSwap,AST,3,3,3,7,3,0.0,0.0,0.0,0.16364999999999996,0.0,,0.481834,0.497488,0.538567,0.565323,-31.47
Smartlands,SLT,75,59,50,69,52,0.433075,0.0,0.11575,0.49095,0.0,,,,,0.000144,216.8
Selfkey,KEY,9,11,17,17,19,0.77505,0.0,0.0,0.0,0.0,0.003464,0.005088,0.006165,0.006484,0.010627,60.44
district0x,DNT,30,14,5,9,11,0.2117,-0.27155,0.0,0.0,0.0,0.273725,0.331589,0.294355,0.323287,0.288633,-13.98
VIBE,VIBE,2,5,4,1,6,0.3036214285714286,0.5719399999999999,0.5246375,-0.21791666666666665,0.49915,0.018209,0.027745,0.044875,0.051927,0.040154,-30.37
VIDT Datalink,VIDT,19,14,10,19,20,0.0,0.0,0.0,0.4977,0.0,0.749729,1.123629,1.282092,1.378485,1.129686,-31.56
XYO,XYO,58,68,123,49,51,0.03025,0.0,0.0,0.0,0.0,0.004147,0.005765,0.00646,0.004927,0.001852,-25.22
Traceability Chain,TAC,1,3,1,1,2,0.49965,0.6313833333333333,0.4986,0.48515,0.49922500000000003,0.001791,0.001714,0.001664,0.001659,0.001543,4.27
Maecenas,ART,4,7,2,11,3,0.0,0.0,0.0,0.0,0.0,0.026777,0.021612,0.016883,0.022085,0.005864,5.02
Ternio,TERN,6,9,7,21,11,0.0,0.5996,0.0,0.0,0.0,0.012813,0.013598,0.013038,0.012248,0.015772,-4.33
OriginTrail,TRAC,8,6,10,12,14,0.4203875,0.59795,0.17501666666666668,0.0,0.27311250000000004,0.563928,0.694977,0.827151,0.877154,0.756843,-16.29
Aave (Old),LEND,5,2,1,1,2,0.8182,0.0,0.0,0.65345,0.0,3.447465,4.457238,3.600541,4.183022,3.648455,-19.07
CoinUs,CNUS,79,57,42,44,28,0.3479025316455696,0.37328771929824545,0.40922857142857144,0.41839886363636364,0.4521785714285714,0.000447,,0.000806,0.00257,,-28.57
QLC Chain,QLC,3,10,3,4,7,0.0,0.24695,0.0,0.0,0.0,0.068645,0.108335,0.124644,0.111686,0.104025,-28.4
NativeCoin,N8V,6,8,6,5,9,0.3982166666666667,0.4096041666666667,0.4666388888888889,0.43047142857142856,0.49912999999999996,0.675691,0.299489,0.380363,1.478919,0.478358,-24.92
AppCoins,APPC,1,40,3,41,2,0.37403125,0.28522625,0.42054528301886795,0.42133536585365855,0.3892339285714286,0.202398,0.23212,0.189923,0.159405,0.138656,-9.58
Ocean Protocol,OCEAN,23,33,19,19,11,0.29668333333333335,0.0,0.38816249999999997,0.35114999999999996,0.4998,1.112084,1.696939,1.754116,1.456383,1.403349,-33.73
Travala.com,AVA,6,18,20,20,10,0.0,0.0,0.252,0.21075,0.49755,4.087673,5.893692,5.551122,5.422851,4.456973,-29.65
STP Network,STPT,1,2,3,1,8,0.4148,0.0,0.0,0.0,0.0,0.071977,0.085773,0.100981,0.127381,0.082367,-15.33
Gulden,NLG,22,16,13,15,16,0.12675000000000003,-0.27155,-0.44955,0.0,0.0,0.045232,0.01905,0.015701,0.01298,0.013232,145.08
ProChain,PRA,21,36,26,30,32,0.3000125,0.08206000000000004,0.5616285714285714,0.48614999999999997,0.49095000000000005,,,,,,-64.27
Sentivate,SNTVT,2,1,2,4,5,0.0,0.49945,0.0,0.0,0.0,0.019325,0.019901,0.02408,0.023078,0.016143,-10.74
Morpheus Labs,MITX,9,5,10,11,8,0.0,0.0,0.0,0.0,0.0,0.082457,0.126541,0.145837,0.180163,0.12468,-22.45
LBRY Credits,LBC,51,43,59,63,73,0.0,0.0,0.78525,0.0,0.0,0.156841,0.251769,0.278009,0.281642,0.257763,-41.38
OVCODE,OVC,4,4,2,2,5,0.0,0.0,0.0,0.0,0.0,,,,0.077531,0.048467,-23.39
Trade Token X,TIOX,92,53,39,42,23,0.40728749999999986,0.4389915094339623,0.39929230769230767,0.3947964285714286,0.4207021739130434,,0.209197,0.057999,,,-82.72
GameCredits,GAME,3,4,3,5,1,0.3664833333333333,0.5764,0.49970000000000003,0.4836600000000001,0.7552000000000001,0.224239,0.306629,0.349199,0.389507,0.459689,-29.53
MobileGo,MGO,14,12,16,8,7,0.3095607142857143,0.29213750000000005,0.5056687500000001,0.47411875,0.3658571428571428,0.025336,0.027404,0.023634,0.023427,0.018042,-19.77
Dock,DOCK,4,2,1,7,1,0.0,0.11895,0.49995,0.0,0.0,0.08143,0.115244,0.13114,0.105207,0.085975,-28.56
BOMB,BOMB,2,3,1,2,1,-0.19888333333333333,0.017100000000000004,0.1955,0.6220166666666667,0.47565,4.019073,2.878846,3.12677,3.245115,1.504047,43.68
Shift,SHIFT,36,21,8,13,8,0.3048083333333334,0.29812380952380946,0.34554999999999997,0.4196923076923077,0.41944375,,,,,,-6.113
TurtleCoin,TRTL,73,56,81,20,59,0.4008,0.0,0.212225,0.0,0.43095,0.000438,0.000536,0.000656,0.000239,0.000186,-9.13
Unobtanium,UNO,13,27,24,17,25,0.4601,0.0,0.0,0.0,0.0,49.020296,57.406399,50.804961,54.555575,60.079168,-0.69
bitUSD,BITUSD,16,16,4,3,1,0.43896874999999996,0.44690625,0.6007,0.5547500000000001,0.41702500000000003,0.0,0.0,0.0,0.0,0.0,0.0
Scroll,SCRL,28,15,6,6,5,0.15965535714285714,0.29000333333333334,0.5640333333333333,0.24132499999999998,0.24343999999999996,0.0,0.0,0.0,0.0,0.0,-19.996
SafeInsure,SINS,2,4,5,4,2,0.496575,0.521875,0.42689000000000005,0.2737375,0.6864,0.015757,0.014748,0.017052,0.012677,0.013254,23.72
ZClassic,ZCL,6,2,1,2,1,0.61265,0.0,0.0,0.12335000000000002,0.0,0.312609,0.452123,0.230115,0.195954,0.214182,-29.65
BridgeCoin,BCO,5,3,6,10,4,0.40476,0.44139999999999996,0.5544583333333334,0.47642999999999996,0.49810000000000004,0.0,0.0,0.0,0.0,0.0,0.0
Opacity,OPQ,11,12,28,31,6,-0.49555,0.0,-0.1797,0.05273999999999999,0.0,,,,,0.0,-0.5
AdShares,ADS,26,20,9,10,9,0.5134961538461538,0.35178000000000004,0.4786611111111111,0.588055,0.48512222222222223,0.204987,0.200449,0.118492,0.069327,0.04661,3.04
BitTube,TUBE,2,7,3,5,7,0.16371,0.60535,0.63297,0.5833,0.0,0.01526,0.023351,0.015729,0.01416,0.012702,-17.61
Nimiq,NIM,7,17,16,4,13,0.56115,0.0,0.0,0.0,0.0,0.009197,0.012213,0.01255,0.011855,0.01205,-23.26
Sphere,SPHR,11,10,8,6,2,0.4113863636363637,0.4641,0.30878750000000005,0.325275,0.14460000000000003,0.331006,0.390826,0.446248,0.427761,0.365587,-15.55
FansTime,FTI,19,12,8,7,7,0.3356315789473684,0.5588083333333335,0.31129375000000004,0.4046142857142857,0.4765714285714286,0.000578,0.000922,0.000797,0.000475,0.000432,-39.12
Loopring [NEO],LRN,11,18,12,4,10,0.0,0.0,0.0,0.0,0.0,,,0.0,0.0,,-3.51
Presearch,PRE,9,15,14,12,15,0.457165,0.24648000000000003,0.564425,0.0,0.0,0.079149,0.09371,0.102906,0.105986,0.100205,-15.87
StableUSD,USDS,11,8,4,4,5,0.4006136363636364,0.52014375,0.43286250000000004,0.4207,0.60528,0.993529,1.012609,0.99403,1.044955,0.986574,0.81
BlackCoin,BLK,6,6,6,1,3,0.039058333333333334,0.37306000000000006,0.70025,0.1022875,0.1684,0.089982,0.092314,0.080164,0.08393,0.082612,-1.65
Waves Community Token,WCT,24,37,26,19,24,0.0,0.0,0.56185,0.4999,0.4985,,0.239658,0.230868,,,0.0
adToken,ADT,44,1,14,14,12,0.4320034090909092,0.465625,0.4036678571428571,0.5051678571428572,0.49915833333333337,0.0,0.0,0.0,0.0,0.0,-0.83
DECENT,DCT,83,48,40,32,15,0.3890349397590362,0.35881874999999996,0.387965,0.48842031250000006,0.22644999999999998,0.026379,0.035518,0.044275,0.033041,0.027612,-24.37
Measurable Data,MDT,2,4,1,2,6,0.5593,0.3952375,0.39655833333333335,0.49065000000000003,0.01092499999999999,0.05402,0.084605,0.112849,0.081379,0.081664,-36.22
SunContract,SNC,2,3,3,4,4,0.7357,0.0,0.0,0.0,0.0,0.045441,0.061472,0.06339,0.058023,0.047522,-24.48
SwissBorg,CHSB,53,60,43,41,53,0.0,0.45045,0.0,0.0,0.0,1.097196,1.089168,1.104874,1.07067,1.249027,2.55
Callisto Network,CLO,8,17,18,21,10,0.0,0.0,0.0,0.0,0.0,0.013246,0.017928,0.016931,0.007833,0.0048,-26.99
Polis,POLIS,3,1,1,1,2,0.36633333333333334,0.7921499999999999,0.0,0.52965,0.636375,0.264101,0.35241,0.379798,0.418564,0.384357,-23.81
DeepOnion,ONION,1,4,3,2,1,0.0,-0.27155,0.0,0.0,-0.4557,0.346977,0.714267,0.16214,0.145205,0.168768,-53.66
BitGreen,BITG,17,7,4,2,5,0.3775264705882353,0.42519285714285715,0.4745625,0.499,0.58467,0.400141,0.315691,0.354805,0.501021,0.38105,1.09
PAC Global,PAC,3,4,4,3,8,0.0,0.0,0.0,0.0,0.0,0.010678,0.012115,0.012374,0.013664,0.015938,-12.31
Phore,PHR,2,3,5,7,2,0.0,0.0,0.0,0.0,0.0,0.38405,0.503315,0.572454,0.501425,0.493423,-21.04
Grid+,GRID,6,4,1,3,4,0.17605833333333332,0.40785,0.5903625000000001,-0.07508333333333334,0.49575,0.233945,0.228974,0.305992,0.181127,0.168904,6.18
Online,OIO,105,46,51,24,23,0.356682857142857,0.39494891304347823,0.4353882352941177,0.4107875000000001,0.387191304347826,0.0,0.0,0.0,0.0,0.0,0.0
Centrality,CENNZ,77,60,57,36,20,0.294037012987013,0.33601000000000003,0.28734649122807016,0.3249666666666667,0.28116499999999994,0.072931,0.096648,0.113263,0.120665,0.100425,-28.84
Breezecoin,BRZC,1,4,1,4,3,0.0,0.0,0.0,0.0,0.0,0.01882,0.017728,0.019661,0.022404,0.024458,-0.42
PotCoin,POT,10,3,10,4,2,-0.036129999999999995,0.49005,0.420075,-0.02658333333333333,0.0,0.04148,0.046081,0.041283,0.029501,0.030129,-8.71
TE-FOOD,TFD,7,3,3,4,5,0.2259,0.49945,0.4986,0.48515,0.1591,,,,0.000128,,0.0
Gold Coin Reserve,GCR,2,4,1,7,2,0.724375,0.37752500000000005,0.47905,0.3155428571428572,0.6361249999999999,1778.306309,1773.73185,1747.503625,1734.292238,1730.926207,-0.03
Lamden,TAU,5,2,1,2,13,0.0,0.0,0.0,0.0,0.0,0.050822,0.053536,0.063681,0.092532,0.052386,-3.1
Sakura Bloom,SKB,3,4,4,3,2,0.0,0.0,0.0,0.0,0.0,0.000428,0.000535,0.000394,0.000342,0.00029,-17.76
UpToken,UP,89,54,44,38,24,0.35299044943820235,0.40107222222222216,0.4524534090909091,0.3382052631578947,0.42846249999999997,0.0,0.0,0.0,0.0,0.0,0.0
Rapids,RPD,23,3,5,1,1,0.4298260869565217,0.40913750000000004,0.425,0.20564375000000001,0.11185,0.000151,0.000134,0.000159,0.000187,0.000166,6.46
KickCoin,KICK,12,2,8,4,4,0.36428333333333335,0.34273181818181825,0.10307499999999999,0.0511125,0.5722375,0.000228,0.000399,0.000588,0.000269,0.000116,-42.06
PlayGame,PXG,67,31,11,23,11,0.3739276119402984,0.43127419354838714,0.500809090909091,0.40419347826086954,0.43168181818181817,0.001771,0.000615,0.003328,0.001977,0.000324,1.43
Consensus,SEN,50,23,13,16,6,0.34862999999999994,0.28212173913043476,0.31394999999999995,0.293790625,0.5917166666666667,0.0,0.0,0.0,,0.0,0.0
GET Protocol,GET,24,21,32,37,22,0.43240694444444433,0.3859149999999999,0.4544078947368422,0.4374909090909091,0.5482961538461539,3.974668,6.280463,7.563643,8.325483,4.280826,-24.78
SpaceChain,SPC,3,4,1,1,5,0.5197375,0.3797821428571429,0.5385464285714285,0.6303500000000001,0.58657,0.055582,0.041263,0.043384,0.033652,0.02808,20.89
Global Cryptocurrency,GCC,39,18,19,15,11,0.3648038461538461,0.4025250000000001,0.5289052631578948,0.3522666666666667,0.45305,0.004074,0.004293,0.003008,0.005221,0.004418,0.45
Diamond,DMD,11,6,8,5,11,0.3531064516129032,0.47387812500000004,0.26465,0.25745,0.38343750000000004,2.87419,3.193253,2.974717,3.244697,2.93091,-6.2
Pal Network,PAL,3,1,4,2,2,0.7181833333333333,0.02200000000000002,0.3372875,0.27494999999999997,0.67145,0.0,,0.0,0.0,,100.0
XinFin Network,XDC,6,19,14,18,15,0.0,0.0,0.26335,0.0,0.0,0.079146,0.119711,0.071668,0.047502,0.033956,-32.76
VeriCoin,VRC,8,57,1,42,1,0.3510198795180723,0.4177035087719297,0.3449010638297872,0.30684761904761904,0.43414285714285716,0.108849,0.102008,0.10428,0.101483,0.085046,9.28
NoLimitCoin,NLC2,1,3,19,4,11,0.32046166666666664,0.3447629629629629,0.47422894736842097,0.54963125,0.33344545454545454,0.007515,0.011737,0.014622,0.012384,0.010736,-32.96
Crown,CRW,2,2,3,1,1,0.134525,0.2603,0.33016666666666666,0.062049999999999994,0.51185,0.147724,0.178259,0.154378,0.191014,0.172299,-16.63
Rise,RISE,110,51,35,33,21,0.30626863636363627,0.34085784313725487,0.3649314285714286,0.2975090909090909,0.44366666666666665,0.0,0.0,0.0,0.0,0.0,
FTX Token,FTT,4,4,1,2,4,0.51585,0.1608,0.404275,0.4886,0.11014999999999998,47.171882,53.286082,50.025245,41.851543,35.88466,-11.81
Unibright,UBT,14,18,18,16,9,0.0,0.12510000000000002,0.6735500000000001,0.0,0.0,1.782709,2.147196,2.020011,1.476699,1.084923,-14.25
Liquidity Network,LQD,3,4,14,11,6,0.36548958333333337,0.5357825,0.43470000000000003,0.45952272727272714,0.5648000000000001,0.010207,0.01222,0.014521,0.018015,0.015308,-9.8
aXpire,AXPR,5,4,1,3,3,0.053174999999999986,0.0,0.0,0.0,0.0,0.027029,0.032667,0.033145,0.038998,0.014839,-15.58
Switcheo,SWTH,20,8,9,21,22,0.0,0.0,0.0,0.0,0.0,0.057864,0.073829,0.074662,0.074249,0.072231,-8.58
Haven Protocol,XHV,21,31,14,10,9,0.4774583333333333,0.0,0.49995,0.4997,0.5618333333333333,19.224667,25.509698,17.333743,15.682916,14.803173,-24.51
SIX,SIX,2,21,1,5,3,0.25363846153846153,0.33705952380952386,0.23972500000000002,0.37717333333333325,0.40146666666666664,0.102716,0.139882,0.171914,0.188644,0.028065,-33.96
HOQU,HQX,2,4,2,5,3,0.0,0.0,0.0,0.0,0.0,0.002675,0.002457,0.002299,0.00301,,15.45
Zap Protocol,ZAP,2,3,4,6,5,0.0,0.4998,0.0,0.0,0.0,0.146314,0.223264,0.227477,0.217434,0.257232,-20.61
Decision Token,HST,19,1,4,7,1,0.2940026315789474,0.40173000000000003,0.40077500000000005,0.3934571428571429,0.43183,0.0,0.0,0.0,0.0,0.0,-61.538
Cardstack,CARD,13,19,28,13,9,0.0,0.0,0.0,0.0,0.0,0.007717,0.009448,0.00971,0.008919,0.007524,-15.44
Upfiring,UFR,14,7,1,6,17,0.0,0.0,0.0,0.0,0.0,0.190227,0.250561,,,0.156271,-25.08
Phantasma,SOUL,15,11,4,11,15,0.2505,0.0,0.3144,0.0,0.0,0.475061,0.63036,0.712169,0.768617,0.770916,-21.63
NewYorkCoin,NYC,3,3,4,4,2,0.2757416666666666,0.46485,0.5099,0.38144999999999996,0.64595,4.7e-05,2.9e-05,2e-05,2.5e-05,1.8e-05,66.64
Gentarium,GTM,7,3,9,6,10,0.0,0.0,0.0,0.0,0.0,0.024924,0.022122,0.033206,0.027141,0.028165,5.05
HashCoin,HSC,14,4,9,6,5,0.2546535714285714,0.2847,0.3967277777777778,0.5799583333333334,0.37046999999999997,0.0,0.0,0.0,0.0,0.0,0.0
Gems,GEM,15,13,7,6,2,0.2674333333333333,0.38879615384615385,0.44728571428571423,0.30996666666666667,0.32589999999999997,,,,,,-14.29
KARMA,KARMA,1,39,4,26,1,0.2917318181818182,0.3786051282051282,0.29091304347826086,0.3393980769230769,0.2910222222222223,7e-06,1e-05,4e-06,6e-06,5e-06,-33.48
Pundi X NEM,NPXSXEM,266,299,302,285,259,0.0,0.0,0.0,0.0,0.0,0.001019,0.0011,,0.001113,0.001737,-4.63
Kleros,PNK,13,11,11,1,4,0.08045000000000002,0.0,0.438,0.0,0.0,0.156009,0.159873,0.111887,0.097022,0.085182,-2.46
SelfSell,SSC,17,10,5,8,1,0.35624705882352936,0.630405,0.5382,0.4088625,0.4997,0.0,0.0,0.0,,0.0,-0.16
Insights Network,INSTAR,2,6,4,2,2,0.49955,0.4031416666666667,0.5409142857142858,0.042899999999999994,0.499825,0.039778,0.038714,0.039615,0.045431,0.040866,19.61
LocalCoinSwap,LCS,2,2,2,1,1,0.0,0.0,0.49970000000000003,0.21645,0.49995,0.027467,0.039051,0.042212,0.035788,0.039223,-26.97
Expanse,EXP,12,4,3,3,7,0.3955125,0.4982375,0.4994,0.05718333333333333,0.42477857142857145,0.119576,0.159157,0.145642,0.129803,0.154077,-22.34
TrustNote,TTT,13,6,8,7,6,0.5109807692307692,0.4893166666666667,0.4972,0.5426785714285715,0.511025,0.0,0.0,0.0,0.0,0.0,-13.33
BitSend,BSD,29,11,10,9,6,0.4138775862068965,0.5007409090909092,0.57712,0.3538611111111111,0.26575833333333326,0.0,0.0,0.0,0.0,0.0,
OneLedger,OLT,2,7,1,1,3,0.46685869565217386,0.14169249999999997,0.39069473684210526,0.5543999999999999,0.5216117647058823,0.015905,0.020923,0.034063,0.025243,0.027874,-24.3
Effect.AI,EFX,4,7,4,5,4,0.0,0.0,0.49995,0.0,0.79005,0.060777,0.092457,0.099311,0.117739,0.136544,-35.29
Giant,GIC,26,13,13,10,6,0.1481307692307693,0.22868076923076922,0.13201923076923078,0.22505999999999998,0.14313333333333333,0.014429,0.014748,0.010975,0.011243,,-1.19
Cappasity,CAPP,2,6,11,12,10,0.0,0.02200000000000002,0.0,0.0,0.0,0.011758,0.017453,0.022186,0.004953,0.004382,-30.44
FLIP,FLP,4,15,6,9,5,0.3559272727272727,0.39104374999999997,0.42276111111111114,0.1326285714285714,0.5125208333333333,0.009185,0.00993,0.016727,0.013241,0.010401,-20.89
Stacks,STX,12,18,8,5,4,0.36851470588235297,0.3259916666666667,0.3924782608695653,0.45856249999999993,0.31287,1.916227,2.379796,1.98754,1.221127,1.228657,-19.87
LikeCoin,LIKE,83,51,46,45,25,0.38674156626506034,0.38296078431372566,0.3267010869565216,0.3699044444444445,0.2492179999999999,0.016062,0.015338,0.012744,0.0121,0.010519,5.0
SHIELD,XSH,1,1,2,2,2,0.49151428571428574,0.91065,-0.228325,0.4994,0.49995,0.000649,0.000778,0.000664,0.000746,0.000651,-16.54
Dynamic,DYN,19,6,6,6,4,0.39074736842105257,0.593125,0.45585000000000003,0.4069416666666667,0.49172499999999997,1.597393,1.722671,1.70642,2.016624,1.695318,-5.67
RED,RED,141,32,24,23,26,0.2757276595744681,0.27776562499999996,0.3988833333333333,0.2597369565217391,0.3094057692307692,0.016089,0.012698,0.010357,0.011312,0.009216,18.99
ExclusiveCoin,EXCL,10,8,6,1,1,0.360445,0.25906875,0.4880083333333333,0.48295,0.79235,0.183417,0.250104,0.184092,0.185265,0.171196,-19.1
Bounty0x,BNTY,23,40,24,18,6,0.50555,0.0,-0.7984,0.0,0.7552000000000001,,,,,,0.0
BitcoinZ,BTCZ,1,50,43,60,27,0.3543572463768116,0.4607440000000002,0.2882302325581395,0.3358641666666667,0.26421851851851846,0.000509,0.000428,0.000293,0.000307,0.000339,28.63
Howdoo,UDOO,12,11,33,34,23,0.0,0.0,0.0,0.0,0.0,0.028741,0.041017,0.045204,0.040708,0.036343,-27.57
CoinFi,COFI,114,87,32,5,3,0.3467071428571429,0.4768,0.42176481481481476,0.43264642857142865,0.4759794117647059,0.005548,0.011198,0.014194,0.010227,0.007373,-50.61
VULCANO,VULC,11,13,16,16,26,0.0,0.0,0.0,0.0,0.0,1.9e-05,6e-06,5e-06,1.4e-05,0.000552,-96.92
Internet of People,IOP,64,31,31,10,19,0.32691250000000005,0.2851467741935484,0.2962241935483871,0.13895,0.3611499999999999,0.0,,,,,-3.02
Internxt,INXT,5,11,5,23,16,0.0,0.0,0.0,0.21945,0.0,12.656512,15.433621,16.077159,23.254859,18.263077,-18.13
CanYaCoin,CAN,3,1,2,1,1,0.5936666666666667,0.34609999999999996,0.43635,0.4988,0.49895,0.08004,0.148101,0.147757,0.14927,0.073262,-42.17
IQeon,IQN,2,2,1,3,2,0.0,0.0,0.0,0.0,0.0,2.932281,3.055798,2.713924,2.757029,2.493766,-2.32
Ryo Currency,RYO,13,2,1,1,3,0.195875,0.0,0.0,0.0,0.0,0.268814,0.020834,0.016319,0.01475,0.013986,1105.64
Social Send,SEND,6,5,5,4,3,0.16565,-0.01643,0.5438000000000001,0.4797125,0.49974999999999997,0.013272,0.017634,0.015886,0.021325,0.021924,-22.1
TransferCoin,TX,91,38,49,45,26,0.324184065934066,0.4307065789473685,0.3669438775510204,0.25537777777777787,0.3903461538461538,0.0,0.0,0.0,0.0,0.0,
BetterBetting,BETR,12,11,7,3,1,0.4369875000000001,0.5342863636363636,0.34598571428571434,0.6530333333333332,0.49995,,,,,0.0,0.24
MyBit,MYB,96,55,38,40,21,0.36741093750000003,0.44861818181818175,0.3211052631578948,0.39762874999999986,0.453652380952381,0.00152,0.002669,0.001911,0.004111,0.003396,10.57
Veros,VRS,2,3,6,3,2,0.0,0.0,0.0,0.0,0.0,,,0.861602,,0.420728,0.0
Devery,EVE,2,6,8,3,1,0.0,0.0,0.0,0.0,0.0,,,,,,13.15
Zero,ZER,83,55,42,34,22,0.2411102409638554,0.3012309090909091,0.2081916666666667,0.24161323529411766,0.39375,0.481866,0.490358,0.204332,0.210638,0.224433,1.48
BitRent,RNTB,4,1,1,1,2,0.4604625,0.4939,0.49985,0.43315,0.49355,0.0,0.0,0.0,0.0,0.0,0.0
HOLD,HOLD,18,7,13,3,5,0.31917628205128207,0.40030454545454547,0.31741309523809524,0.2870072916666666,0.38795185185185194,,,,,,0.0
EventChain,EVC,7,6,6,1,2,0.40752142857142865,0.526575,0.46370833333333333,-0.42195,0.49915,0.033662,0.006747,0.031692,0.01838,0.004392,-96.92
CannabisCoin,CANN,4,2,2,2,1,0.6874,-0.1357,0.4354,0.0,0.0,0.003532,0.003073,0.001748,0.00059,0.000552,17.37
MODEL-X-coin,MODX,25,13,10,8,7,0.47548,0.4615653846153846,0.5392850000000001,0.43529999999999996,0.5005928571428572,0.019677,0.027648,0.015782,0.021241,0.015188,-21.18
Auxilium,AUX,2,5,3,5,6,0.0,0.0,0.0,0.4354,0.0,0.014636,0.011562,0.010862,0.011373,0.008131,30.82
MedicCoin,MEDIC,5,5,3,1,1,0.5824,0.36837000000000003,0.34603333333333336,0.70065,0.4985,,0.000184,0.00029,0.000295,6.8e-05,11.88
Apollon,XAP,14,15,3,8,10,0.0,0.0,0.0,0.0,0.0,0.000101,0.000123,0.000233,,0.000276,-82.1
Ether-1,ETHO,31,17,14,13,10,0.3338870967741936,0.3569470588235294,0.29173571428571426,0.3483461538461538,0.463515,0.15354,0.149275,0.133623,0.116402,0.089553,4.57
RealChain,RCT,27,18,17,1,2,0.39578888888888886,0.4872666666666666,0.4276235294117647,0.32137999999999994,0.5289750000000001,0.0,,0.0,0.0,,11.63
Origin Sport,ORS,1,2,4,1,1,0.05130000000000001,0.632475,0.5624125000000001,0.4977,0.7966500000000001,0.00794,0.009521,0.006618,0.003973,0.003346,-27.62
Akroma,AKA,10,2,5,6,14,0.0,0.0,0.0,0.0,0.0,0.0,,,,,0.0
Monkey Project,MONK,1,2,2,1,2,0.35915,0.609325,0.0,0.1806,0.0,0.162019,0.195393,0.160185,0.053453,0.015041,-15.53
CryptoFlow,CFL,36,14,13,4,9,0.3641750000000001,0.4280142857142858,0.4135884615384615,0.460575,0.49491111111111113,0.006559,0.008602,0.009312,0.013515,0.014912,-34.24
No BS Crypto,NOBS,6,3,2,2,1,0.5279916666666666,0.4904,0.496,0.7379249999999999,-0.2418,0.0,0.0,0.0,0.0,0.0,0.0
BitRewards,BIT,28,10,13,11,7,0.5227928571428573,0.423185,0.5765115384615385,0.38031363636363635,0.4182214285714285,0.000536,0.00056,0.000495,0.000234,0.000255,2.63
Absolute,ABS,102,58,37,27,24,0.2721416666666666,0.3810956896551724,0.2792527027027027,0.2986944444444444,0.41208125,0.000545,0.000536,0.000467,0.000398,0.000461,4.69
DogeCash,DOGEC,2,9,1,5,2,0.35877638888888896,0.29635357142857144,-0.28665,0.48963999999999996,0.43670000000000003,0.116348,0.152398,0.064665,0.085552,0.0,-35.82
Bitcoin Zero,BZX,34,17,1,7,8,0.1734029411764706,0.3303264705882353,0.11230384615384616,0.20597857142857143,0.45226875,0.003041,0.003687,0.004078,0.00295,0.003313,-16.23
CoinToGo,2GO,86,55,45,41,23,0.30080174418604655,0.3767572727272728,0.3515722222222222,0.2743329268292683,0.42833695652173914,0.0,0.0,0.0,0.0,0.0,
ShareX,SEXC,14,12,1,12,6,0.4259955882352941,0.5089669354838711,0.4066916666666667,0.4906000000000001,0.4183913793103448,,,0.0,0.0,,0.0
APR Coin,APR,19,3,4,2,2,0.39855526315789475,0.27555,0.561125,0.69635,0.16315000000000002,0.030813,0.039323,0.036122,0.040446,0.020424,-21.0
Level Up Coin,LUC,35,18,16,12,7,0.40647714285714287,0.3941555555555555,0.38107187499999995,0.4969958333333333,0.3232857142857143,,0.0,0.0,0.0,0.0,0.0
Project Coin,PRJ,5,52,45,50,2,0.40906904761904767,0.4361423076923075,0.475188888888889,0.4245989999999999,0.3254333333333333,,0.0,0.0,0.0,0.0,0.0
Engagement Token,ENGT,2,5,3,5,2,0.278225,0.5562699999999999,0.5997833333333333,0.36871,0.4997833333333333,0.0,0.0,0.0,0.0,0.0,7.86
Decentralized Asset Trading Platform,DATP,10,5,5,6,2,0.57249,0.5586599999999999,0.46747000000000005,0.5558000000000001,0.5059,,,,2.1e-05,1.7e-05,1.01
Desire,DSR,22,16,7,11,6,0.45354772727272724,0.37069375,0.2997142857142857,0.4227136363636364,0.25101666666666667,0.0,,,,,0.05
Digital Money Bits,DMB,12,5,3,6,1,0.3898,0.47050000000000003,0.4212666666666667,0.498775,0.49895,0.000499,0.000615,,0.00059,0.000552,-17.4
BROTHER,BRAT,24,10,6,8,4,0.30134375,0.44561,0.186275,0.23809999999999998,0.32855,0.000505,5.7e-05,0.000583,0.00059,0.000142,780.52
SocialCoin,SOCC,37,27,16,18,10,0.24395675675675677,0.33390185185185184,0.43102187500000005,0.11078055555555555,0.38565,0.0,0.0,0.0,0.0,0.0,
Flash,FLASH,30,10,3,8,2,0.0038350000000000033,0.122135,0.24615,0.26725,0.48667499999999997,0.003027,0.004305,0.003495,0.00472,0.004418,-28.1
Bitcoin Interest,BCI,7,4,6,9,7,0.4635181250000001,0.4193,0.43964999999999993,0.43622857142857135,0.49016935483870955,0.0,0.0,0.0,0.0,,-0.01
Change,CAG,77,45,43,50,33,0.41615779220779214,0.4231077777777778,0.35480813953488366,0.27957999999999994,0.37192727272727266,0.037084,0.087307,0.05812,0.05743,0.063858,-38.43
GridCoin,GRC,20,19,13,27,31,0.273025,0.37460000000000004,0.66805,0.0,0.0,,,,,,0.0
Espers,ESP,2,5,6,1,1,0.0,0.0,0.0,0.0,0.0,3e-06,2e-06,3e-06,0.0,0.0,4.63
Mysterium,MYST,5,11,5,4,3,0.0,0.0,0.0,0.0,0.0,0.51713,0.538666,0.447049,0.430842,0.402092,-0.22
Helium,HLM,2,3,1,1,2,0.45775,0.1319,0.60515,0.1673,0.5563750000000001,13.831977,14.856532,16.198639,13.507107,8.296604,-6.16
sUSD,SUSD,29,31,15,12,17,0.8182,0.4998,0.0,0.0653,0.0,1.008538,1.012018,1.011869,1.015932,1.011026,2.81
EnergiToken,ETK,11,5,4,3,3,0.5142181818181819,0.329,0.5458500000000001,0.1721166666666667,0.4724333333333333,0.0,0.0,0.0,0.0,0.0,0.0
BitDegree,BDG,2,2,2,1,16,0.35379999999999995,0.6245,0.4998,0.45999999999999996,0.0,0.004412,0.005357,0.003747,0.004333,0.003427,-9.91
HiCoin,XHI,104,47,35,39,25,0.39023413461538464,0.36057553191489355,0.3482457142857143,0.3508538461538463,0.40657799999999994,,7.5e-05,2.5e-05,4.3e-05,0.000449,17.12
Cryptopay,CPAY,11,7,3,5,8,0.56115,0.0,0.0,0.0,0.0,0.032659,0.037234,0.037136,0.042203,0.040704,74.31
OracleChain,OCT,7,2,7,4,5,0.3998071428571429,0.48195,0.4983714285714286,0.524075,0.53938,,,,,,20.0
New Power Coin,NPW,39,1,15,9,10,0.4487961538461539,0.4928357142857143,0.4461566666666667,0.4818444444444444,0.482735,,0.00295,,0.002891,,-1.26
MintCoin,MINT,13,12,12,15,7,0.4169973684210526,0.3896777777777778,0.5173785714285714,0.4658333333333334,0.5891083333333333,0.00031,,2e-05,,,1443.86
Sense,SENSE,102,51,1,37,24,0.37166225490196075,0.41658921568627444,0.41015694444444445,0.40528243243243234,0.3479770833333334,,,,,,0.0
Kind Ads Token,KIND,10,4,2,3,1,0.5285,0.5814,0.499875,0.4883333333333333,0.6424,0.008102,0.008776,0.014556,0.011574,0.00354,-5.9
HEAT,HEAT,11,3,6,1,9,0.5271818181818182,0.24163333333333334,0.44679166666666664,0.29635625,0.18587777777777778,0.0,,,,,-61.67
Breakout,BRK,10,6,3,2,2,0.29016000000000003,0.38615,0.38126666666666664,0.324175,0.535175,0.0,0.0,0.0,0.0,0.0,
NeosCoin,NEOS,8,1,2,6,4,0.318025,0.4872,0.454475,0.39200000000000007,0.16105,2e-06,3e-06,2e-06,2e-06,2e-06,-32.77
Tie Token,TIE,3,7,4,2,2,0.5245833333333333,0.5105214285714287,0.6177875,0.488925,0.4451,0.011002,0.025,,0.0,0.0,-55.99
GoldMint,MNTP,3,2,1,3,1,0.48971666666666663,0.46680000000000005,0.4998,0.42906666666666665,0.66925,0.195856,0.212195,,,0.200695,8.26
FedoraCoin,TIPS,21,8,12,3,2,0.0,0.0,0.0,0.0,0.0,,,,,0.0,22.49
Bridge Protocol,TOLL,2,1,6,6,3,0.4618,0.49985,0.47347500000000003,0.523675,0.49974999999999997,0.0,0.0,0.0,0.0,0.0,
WeAreSatoshi,WSX,15,18,7,8,7,0.15413,0.33076111111111106,0.26545714285714284,0.4710375,0.4186571428571429,0.0,0.0,0.0,0.0,0.0,-52.37
Narrative,NRVE,16,11,7,3,5,0.24648437499999998,0.48927727272727267,0.2911142857142857,0.2936666666666667,0.43757,0.002617,0.002749,0.002341,0.002412,0.001929,-0.4
BlueCoin,BLU,1,1,3,5,3,0.4976136363636364,0.52842,0.38464999999999994,0.37618,0.4756625,0.0,0.0,0.0,0.0,0.0,
FoodCoin,FOOD,14,1,6,5,5,0.286125,0.50134375,0.1973,0.23615833333333336,0.062099999999999995,,,,,,-0.36
Indorse Token,IND,6,2,3,2,3,0.0,0.0,0.0,0.0,0.0,0.042393,0.050065,0.026043,0.026925,0.040854,4.88
Equal,EQL,45,28,15,20,11,0.406118888888889,0.3159535714285715,0.39406,0.4074425,0.5506636363636365,0.0,0.0,0.0,0.0,0.0,
Verify,CRED,73,48,33,30,18,0.33259931506849305,0.3143968750000001,0.2553393939393939,0.28928833333333337,0.48355000000000004,,0.011061,0.020972,,,-13.93
Next.exchange,NEXT,55,26,28,31,19,0.3175809090909092,0.36865000000000003,0.3277785714285716,0.33995806451612903,0.4982684210526316,0.164273,0.175135,0.204482,,0.220898,-8.26
TeslaCoin,TES,11,5,4,5,1,0.3697125,0.3995833333333334,0.0736875,0.07891999999999999,0.6523428571428571,0.007148,0.022861,0.012235,0.00734,0.0,-42.5
Cryptonite,XCN,4,2,5,1,2,0.0,0.0,0.0,0.0,0.0,0.000504,,,,,-0.03
ClearCoin,XCLR,72,34,27,20,7,0.3798618055555555,0.4133308823529412,0.3972925925925926,0.2348899999999999,0.4335785714285715,0.0,0.0,0.0,0.0,0.0,0.0
EverGreenCoin,EGC,7,3,1,1,3,0.4811785714285714,0.38798333333333335,0.6051500000000001,0.49795,0.49643333333333334,0.060588,0.049334,0.033418,0.0,0.0,22.0
View,VIEW,88,43,40,47,29,0.35588181818181813,0.37594534883720937,0.489865,0.3801276595744682,0.47688965517241366,,,,,,-20.0
RussiaCoin,RC,2,1,2,1,1,0.47715,0.49925,0.694625,0.4158,0.79235,0.0,0.0,0.0,0.0,0.0,0.0
DigitalPrice,DP,37,18,17,21,11,0.23886216216216213,0.47721111111111114,0.45171470588235296,0.4159357142857142,0.38436363636363635,0.001009,0.001229,,0.000437,0.000552,-16.06
Universe,UNI3,45,29,22,20,13,0.3025588888888888,0.3818258620689655,0.3917386363636364,0.30339,0.29008461538461544,0.000161,0.002458,0.002194,,,-93.32
Signals Network,SGN,2,1,3,2,2,0.498625,0.40235,0.5032166666666668,0.5942000000000001,0.50605,0.0,0.0,0.0,0.0,0.0,0.0
Universal Currency,UNIT,16,8,7,3,3,0.404065625,0.54345,0.4656571428571428,0.33226666666666665,0.37873333333333337,0.004508,0.005546,0.00441,,,-15.03
GenesisX,XGS,5,4,1,4,5,0.151,0.275225,0.12160000000000001,0.29262499999999997,0.35797,0.024206,0.00553,0.002913,0.00118,0.001657,254.06
Ethereum Meta,ETHM,9,4,2,3,3,0.5373833333333333,0.510775,0.594625,0.1892,0.1242333333333333,0.000504,0.000615,0.000583,0.00059,0.000552,-16.14
PopularCoin,POP,71,33,32,25,8,0.3518584507042254,0.25863787878787886,0.44909843749999995,0.402032,0.44430000000000003,9.3e-05,7.5e-05,0.000502,6.9e-05,0.000535,-8.89
GlobalToken,GLT,14,7,6,5,8,0.5268857142857142,0.4496285714285714,0.5019416666666667,0.42107,0.5273125,,,,,,0.0
Cream,CRM,11,2,4,4,1,0.24416363636363633,0.6827,0.458525,0.3386125,-0.4371,0.000908,0.000819,0.002796,0.000455,0.00116,-6.89
FundRequest,FND,6,1,5,6,4,0.22759166666666666,0.44815,0.44838000000000006,0.182725,0.5027375,0.0,0.0,0.0,0.0,0.0,0.0
Open Trading Network,OTN,13,11,9,7,6,0.41496538461538457,0.5080318181818182,0.5183055555555556,0.4168571428571428,0.5134083333333334,,0.037249,0.011887,0.017131,,-16.54
TagCoin,TAG,4,3,2,2,2,0.5215375,-0.09921666666666669,0.49955000000000005,0.779625,0.022125000000000006,0.024206,0.030111,0.026216,0.025371,,-17.92
Over Powered Coin,OPCX,30,17,11,8,7,0.36810666666666647,0.4433382352941177,0.46406818181818177,0.45984375,0.30055000000000004,0.0,0.0,0.0,0.0,0.0,0.0
Ethereum Cash,ECASH,37,21,18,13,1,0.3891013513513515,0.43167619047619044,0.48939722222222226,0.3591615384615385,0.5786166666666667,0.006696,0.00365,0.003588,0.004154,0.00551,115.19
UltraCoin,UTC,3,2,2,1,1,0.35061666666666663,0.31320000000000003,0.48375,0.48415,0.4851,0.0,0.0,0.0,0.0,0.0,
Compound,COMP,254,214,106,72,87,0.5493692307692309,0.38986458333333335,0.4837590909090908,0.34625,0.42962500000000003,606.715371,565.761522,455.047145,486.388102,369.952457,7.26
Bitcoin Fast,BCF,32,17,15,17,15,0.3822234375,0.4529323529411765,0.34486666666666665,0.47817941176470585,0.3156566666666667,0.006047,0.004671,0.005011,0.00413,0.002761,43.36
Social Activity Token,SAT,6,3,2,1,3,0.5821833333333333,0.44839999999999997,0.429075,0.49915,0.5950166666666666,0.000786,0.000833,0.000662,0.000619,0.000478,3.04
AdCoin,ACC,67,41,28,26,17,0.38459029850746257,0.32087926829268304,0.3514375,0.5011903846153847,0.37172058823529414,0.0,0.0,0.0,0.0,0.0,-25.0
Swing,SWING,32,29,13,10,7,0.33832656250000004,0.4812327586206897,0.45193076923076914,0.4643650000000001,0.6229785714285713,0.0863,0.113998,0.072803,0.076909,0.072234,-18.0
InsaneCoin,INSN,38,20,6,13,4,0.3116881578947368,0.2790774999999999,0.2882833333333333,0.3242,0.197725,0.0,,,,,-7.14
Bitcoin Red,BTCRED,23,8,8,6,7,0.41123913043478255,0.36500000000000005,0.43101875,0.3799916666666667,0.4718071428571428,0.0,0.0,0.0,0.0,0.0,0.12
Version,V,53,42,28,35,17,0.38721415094339623,0.3640047619047619,0.5051464285714286,0.4157814285714287,0.38701470588235287,0.0,0.0,0.0,0.0,0.0,
ProCurrency,PROC,12,6,15,14,11,0.48828750000000004,0.4880333333333333,0.34149333333333337,0.45732499999999987,0.23834545454545458,0.0,0.0,0.0,0.0,0.0,12.5
GoldBlocks,GB,10,1,2,3,2,0.33468000000000003,0.32994999999999997,0.6645,0.41945000000000005,0.7308,0.0,0.0,0.0,0.0,,-33.33
SuperCoin,SUPER,1,2,1,1,13,0.4773978260869566,0.39648999999999995,0.5370394736842105,0.5346525000000001,0.22235384615384615,0.003029,0.002661,0.003273,0.003527,0.004479,-17.85
Block-Chain.com,BC,14,11,14,9,4,0.3864892857142857,0.25389545454545454,0.4580964285714285,0.5293444444444444,0.4990875,0.01411,0.009832,0.009904,0.01003,0.014911,46.26
VoteCoin,VOT,34,12,18,17,9,0.4951823529411765,0.5825333333333332,0.4750805555555555,0.35330588235294114,0.5253833333333333,0.000517,0.000615,0.000583,0.00059,0.000552,-14.23
Ethereum Gold,ETG,17,12,3,6,3,0.53085,0.44417083333333335,0.3920222222222222,0.4458,0.6471666666666667,0.0,0.0,0.0,0.0,0.0,19.36
Garlicoin,GRLC,331,35,25,18,41,0.3139166666666667,0.49955,0.0,0.0,-0.4557,0.123078,0.014823,0.013656,0.011327,0.015289,727.04
CoinO,CNO,84,63,40,46,17,0.31602976190476184,0.3678936507936509,0.37450624999999993,0.41840326086956525,0.3324,0.0,0.0,0.0,0.0,0.0,0.0
Pure,PUREX,48,23,21,22,9,0.38257187499999995,0.41391956521739137,0.4942738095238095,0.3877613636363636,0.13155555555555556,0.0,0.0,0.0,0.0,0.0,0.0
SmartCoin,SMC,100,52,30,29,19,0.36576550000000013,0.5127538461538462,0.4985299999999999,0.3904344827586207,0.4408000000000001,0.005382,0.02458,0.036119,0.038939,,-76.74
Sparks,SPK,16,6,2,10,3,0.350296875,0.3697166666666667,0.468175,0.41320500000000004,0.33646666666666664,,,,,0.0,29.03
Secret,SCRT,32,2,11,1,7,0.23621406249999996,0.19020714285714285,0.37240416666666665,0.18056363636363634,0.18218181818181822,2.946793,4.375364,3.175086,3.293888,2.582252,-36.14
EthBet,EBET,15,15,8,5,4,0.3620066666666666,0.48877,0.37758749999999996,0.40098,0.18308750000000001,0.0,0.0,0.0,0.0,0.0,
BoostCoin,BOST,7,1,1,6,4,0.44239285714285714,0.71675,0.49995,0.5359833333333334,0.405875,0.0,0.0,,,,0.0
BOAT,BOAT,14,14,5,3,1,0.1851285714285714,0.35214642857142847,0.21888999999999997,0.24598333333333336,0.6605,0.0,0.0,0.0,,0.0,0.0
X-Coin,XCO,1,1,1,1,1,0.2787,0.08220000000000002,-0.44345,0.3238,0.37345,,0.004916,,0.00236,0.002761,0.0
SpeedCash,SCS,4,2,2,3,1,0.4894,0.491925,0.53015,0.5532833333333332,0.49385,0.013758,0.01905,0.023013,,,-27.44
PostCoin,POST,82,56,41,40,31,0.3849274390243904,0.4035044642857145,0.36613780487804887,0.44490374999999993,0.34619032258064514,0.00498,0.004987,0.005811,0.007407,0.005508,0.76
JavaScript Token,JS,3,1,2,1,2,0.49585000000000007,0.7921499999999999,0.49745,0.4997,0.649975,0.00097,0.001495,0.001313,0.001369,0.001205,-34.14
ParallelCoin,DUO,7,2,3,2,1,0.6004571428571428,0.601,0.42569999999999997,0.699825,0.7784,0.46588,0.515718,0.494332,0.712068,0.589908,-24.24
SecureCoin,SRC,84,45,37,1,21,0.4060398809523809,0.428518888888889,0.4059094594594595,0.4664287500000001,0.4517595238095237,0.002316,0.002408,,0.002028,,-4.55
GambleCoin,GMCN,40,11,11,8,1,0.46018875000000004,0.23841363636363636,0.4737272727272728,0.4819625,0.42022000000000004,0.0,0.0,0.0,0.0,0.0,0.0
FLiK,FLIK,19,8,8,7,1,0.24301578947368427,0.21203124999999995,0.331525,0.31210000000000004,0.78445,0.0,0.0,0.0,0.0,0.0,
PonziCoin,PONZI,2,1,2,1,1,0.18662031250000002,-0.14322500000000002,-0.024599999999999983,0.6622,0.49385,0.002021,0.003591,0.002693,0.00194,0.001959,-42.41
Iconic,ICON,12,11,7,8,2,0.27948750000000006,0.21905454545454547,0.26085714285714284,0.30930625,0.27705,0.0,0.0,0.0,0.0,0.0,
BitCoin One,BTCONE,4,2,44,42,4,0.3954719512195123,0.38096132075471695,0.3653215909090909,0.5167285714285716,0.4336035714285716,0.000202,,,0.000236,0.000221,-6.39
HomeBlockCoin,HBC,1,2,1,1,2,0.8284,0.426675,0.82885,0.5369,-0.013799999999999979,16.521047,23.238873,19.961948,17.688433,17.081395,-19.21
Staker,STR,8,4,2,6,6,0.558575,0.3380625,0.41212499999999996,0.5854083333333334,0.4472916666666668,,0.003687,0.008156,0.01062,,49.18
Alpha Coin,APC,13,1,1,1,2,0.5355375,0.7809999999999999,0.41965,0.587725,0.499825,0.000972,0.001172,0.000583,0.000711,0.000444,-17.22
Terra,LUNA,24,9,6,10,14,0.3364625,0.656675,0.29068125,0.49243,0.2859,13.822197,15.837322,15.826301,18.514905,18.460751,-12.87
Project-X,NANOX,86,52,47,46,17,0.43522267441860457,0.46567499999999995,0.340763829787234,0.3849956521739131,0.39938529411764717,0.0,0.0,0.0,0.0,0.0,
Dollar Online,DOLLAR,2,7,6,2,2,0.3360181818181818,0.44662857142857143,0.5551333333333334,0.5680499999999999,-0.04169999999999997,,,,,,0.0
Filecoin,FIL,453,556,206,402,111,0.288995,0.24388636363636362,0.2658666666666667,0.226805,0.4041375,134.351181,183.18745,172.803939,171.992093,124.601954,-26.3
BitMax Token,BTMX,3,9,10,17,30,0.75345,0.0,0.5832,0.21585,0.7552000000000001,0.961578,1.427863,1.242972,1.262505,2.546738,-33.35
EduCoin,EDU,4,3,1,3,2,0.1636625,0.63505,0.49825,0.08655000000000002,0.499725,0.000238,0.000445,0.000502,0.000388,0.000389,-41.93
Game Stars,GST,1,1,1,1,2,0.48295,0.4211833333333333,0.0,0.47435,0.0,,,,,,0.0
WeToken,WT,92,49,51,36,22,0.4172184782608696,0.4110367346938775,0.4148588235294117,0.3609361111111111,0.3243477272727273,0.0,0.0,0.0,0.0,0.0,
CoinMeet,MEET,13,9,7,4,4,0.29044615384615385,0.48285555555555554,0.47540000000000004,0.47593749999999996,0.544,0.007684,0.013557,0.014383,0.010685,0.008903,-42.62
InsurChain,INSUR,4,4,3,3,1,0.4979875,0.4451875,0.4829833333333333,0.49665000000000004,0.49755,,,,,,21.28
nOS,NOS,76,42,25,29,16,0.07425000000000002,0.030921428571428565,0.14281599999999994,0.11478965517241378,0.0033625000000000183,0.014309,0.016484,,0.01742,0.018361,-12.29
TopChain,TOPC,29,12,12,14,6,0.4163586206896551,0.5101916666666667,0.5658333333333334,0.45726428571428573,0.36323333333333335,0.003987,0.00589,0.00488,0.004258,0.003922,-25.76
YOU COIN,YOU,85,60,42,44,19,0.3578523529411765,0.4091425,0.32543333333333324,0.3584534090909091,0.2075815789473684,0.014234,0.015187,0.013691,0.014506,0.011017,-13.15
Esports Token,EST,1,1,1,2,3,0.0,0.0,0.7996000000000001,0.0,0.0,0.0,0.0,0.0,0.0,0.0,0.0
YouLive Coin,UC,61,41,39,30,13,0.359077868852459,0.4457999999999999,0.509451282051282,0.29557666666666665,0.3567884615384615,0.000294,0.000448,0.000429,0.000432,0.000369,-33.75
VeThor Token,VTHO,4,1,3,7,3,0.48166666666666663,0.0,0.4986,0.0,0.7258,0.016575,0.024417,0.016172,0.016853,0.019775,-31.81
United Bitcoin,UBTC,20,7,9,5,5,0.36089000000000004,0.47598571428571435,0.4284277777777778,0.38625000000000004,0.37972000000000006,1.425982,1.700823,1.790738,0.824565,0.837286,-16.4
Observer,OBSR,26,16,4,7,7,0.27015384615384613,0.34798437499999996,0.5068250000000001,0.28685714285714287,0.5350428571428572,0.020105,0.033021,0.042605,0.0,0.0,-40.08
BitUP Token,BUT,22,14,14,9,4,0.45535909090909094,0.33760357142857156,0.49386785714285714,0.4520055555555555,0.3538375,0.003121,0.003771,0.003074,0.003015,0.00317,-19.93
CoinEx Token,CET,24,24,17,14,8,0.45887500000000003,0.17145,0.49525,0.5728333333333333,0.0,,,,,,-12.88
InternationalCryptoX,INCX,13,10,10,11,6,0.39139230769230776,0.18419000000000002,0.5185850000000001,0.34913636363636363,0.46953333333333336,0.0,0.0,0.0,0.0,0.0,0.0
ThingsOperatingSystem,TOS,12,6,9,5,2,0.5732,0.530325,0.5488722222222222,0.28323,-0.11397500000000002,0.001748,0.002679,0.002016,0.001682,0.001784,-29.91
livepeer,LPT,9,7,12,9,24,0.41007499999999997,0.0,0.0,0.0,0.3835,27.012005,31.23913,30.798064,35.77964,23.583475,-12.53
MESSE TOKEN,MESSE,6,1,2,1,1,0.455725,0.6004,0.343775,-0.48035,0.6759999999999999,0.0,0.0,0.0,0.0,0.0,
InvestDigital,IDT,45,25,31,21,17,0.4091422222222224,0.48587600000000003,0.407908064516129,0.4567261904761904,0.45179117647058825,0.007977,0.01621,0.024756,0.010939,0.007865,-51.35
Celsius,CEL,203,268,234,148,184,0.346375,0.27818913043478266,0.4962045454545454,0.5395227272727273,0.21551000000000003,6.660156,6.571781,7.452916,4.915744,4.81421,3.87
Bankera,BNK,7,12,12,9,2,0.0,0.0,0.0,0.0,0.0,0.002906,0.007683,0.001977,0.002148,0.001506,-48.45
Wrapped Bitcoin,WBTC,17,5,17,10,11,0.007483333333333342,0.5300285714285714,0.5461,0.39514285714285713,0.368925,50337.039643,61513.03147,58263.074108,59109.289675,55243.624868,-15.46
Bitcoin File,BIFI,8,19,11,11,13,0.2974375,0.2756736842105263,0.23477272727272724,0.08085454545454546,0.2770461538461539,0.0,0.0,0.0,0.0,0.0,-5.76
Engine,EGCC,24,17,12,11,7,0.4133229166666667,0.4873882352941177,0.3617875,0.4927909090909091,0.49738571428571426,0.000156,0.000267,0.000243,0.000173,0.000196,-35.9
Plus Coin,NPLC,22,11,9,11,6,0.5195136363636363,0.30612272727272727,0.6109777777777778,0.5286454545454545,0.23000833333333334,0.000186,0.000238,0.000307,0.000261,0.000274,-17.96
PayDay Coin,PDX,45,30,28,24,17,0.3787422222222222,0.40062666666666674,0.46057321428571424,0.4071395833333334,0.5532441176470587,0.0,0.0,0.0,0.0,,0.0
Mooncoin,MOON,20,11,18,5,4,0.203975,-0.27155,0.0,0.1423,0.0,0.000152,0.000529,4.1e-05,,,-30.12
TerraNova,TER,3,1,5,5,7,0.0,0.0,0.0,0.0,0.0,0.0,0.0,0.0,0.0,0.0,-40.42
PlusOneCoin,PLUS1,11,5,8,7,2,0.5539272727272727,0.24642000000000003,0.5948,0.666242857142857,0.16375,0.009065,0.009832,0.008739,,0.010474,-5.37
Curve DAO Token,CRV,5,4,3,6,7,0.49915,0.78575,0.2528333333333334,0.85635,0.532675,2.494098,3.927022,2.989709,3.350721,2.621394,-35.09
MicroBitcoin,MBC,5,1,1,2,1,0.31164000000000003,0.78455,0.35092500000000004,0.34763750000000004,-0.48865,1.5e-05,1.2e-05,,,,0.02
Crypto Improvement Fund,CIF,8,8,7,5,4,0.5055375,0.5378437500000001,0.5455142857142856,0.46955,0.499475,0.0,0.0,0.0,0.0,0.0,
Buddy,BUD,18,5,8,4,3,0.25850833333333334,0.41153000000000006,0.47011875,0.40478749999999997,0.033533333333333325,1.5e-05,5.7e-05,,1.9e-05,1.9e-05,-74.15
Atomic Wallet Coin,AWC,8,4,6,4,3,0.37722500000000003,0.5092375,0.460675,0.2244875,0.4681333333333333,1.875849,2.276481,2.133419,1.831054,1.642292,-11.02
Carry,CRE,31,19,12,11,8,0.33165645161290336,0.17917368421052632,0.40540416666666673,0.28161818181818177,0.55133125,0.001009,0.001473,0.001055,0.001279,0.001237,-23.23
GOLD Reward Token,GRX,3,1,2,2,2,0.5845333333333333,0.1814,0.64595,0.498075,0.6506500000000001,0.0,0.0,0.0,0.0,0.0,0.0
WINk,WIN,231,145,259,41,31,0.68735,0.640925,0.2883875,0.0,0.0,0.000844,0.001509,0.001665,0.000636,0.000385,-33.23
PROUD Money,PROUD,9,1,1,5,2,0.3822111111111111,0.6189875,0.78015,0.27683,0.498725,0.00055,0.000622,0.000454,0.00042,0.000506,-11.38
DynamicCoin,DMC,8,2,3,4,3,0.4135375,0.77155,0.5452333333333333,0.52345,0.4970833333333333,,,0.0,,,75.0
Ethereum Lite,ELITE,2,1,1,2,1,0.030200000000000005,0.60335,0.6478,0.090075,0.2752,0.033611,0.026257,0.014451,0.015335,,33.47
Bitcoin God,GOD,16,9,1,2,3,0.4956062499999999,0.4721888888888889,0.37285,0.55535,0.5942333333333333,9.900465,12.001337,11.529034,11.794393,10.995212,-16.03
ValueChain,VLC,44,18,22,14,13,0.4102375,0.46096666666666675,0.5141545454545454,0.34108571428571427,0.4848923076923076,,,,0.002134,,7.95
Digital Asset Exchange Token,DAXT,7,2,5,8,4,0.5544785714285715,0.49965000000000004,0.55686,0.42284999999999995,0.49974999999999997,0.0,0.0,0.0,0.0,0.0,
Dragon Token,DT,1,7,4,3,4,0.4178,0.0,0.4001,0.0,0.0,0.0,0.0,0.0,0.0,0.0,1.39
Algorand,ALGO,649,433,400,353,320,0.32954183673469395,0.28384,0.212955,0.329125,0.3776375,1.139894,1.509048,1.39861,1.358944,1.118795,-24.34
OKEx Utility Token,OKB,26,20,15,17,23,0.0,0.0,0.0,0.0,0.0,16.040911,18.88702,19.474534,17.421731,12.83971,-14.58
Swipe,SXP,1,1,2,1,2,-0.22988124999999998,0.47465,0.562275,0.3192833333333333,0.0,3.083082,5.03223,4.971446,3.85145,3.07344,-41.01
Chiliz,CHZ,121,132,128,110,227,0.243875,0.5345500000000001,0.3753,0.4977,0.0,0.412657,0.76591,0.505323,0.508488,0.51819,-48.27
Zenon,ZNN,17,14,12,5,13,0.0,0.0,0.0,0.0,0.1909,18.776698,21.383527,20.603132,22.164874,23.857146,-11.75
Elrond,EGLD,19,27,21,21,33,0.48305,0.48548749999999996,0.20309,0.41979999999999995,-0.19636666666666666,158.69645,211.319206,194.639668,167.797968,141.219139,-25.1
COCOS BCX,COCOS,10,1,4,6,12,0.0,0.0,0.0,0.0,0.0,0.739132,1.216196,1.460978,1.492408,1.287243,-38.72
Contentos,COS,5,1,1,3,2,0.31715,0.0,0.0,0.0,0.0,0.025369,0.039848,0.041313,0.039572,0.039708,-35.47
Hedera Hashgraph,HBAR,122,140,130,154,166,0.3448,0.174075,0.188075,0.46914999999999996,0.24102500000000002,0.256892,0.350063,0.339585,0.35241,0.345471,-26.83
Handshake,HNS,16,12,13,2,5,0.69645,0.1081,0.0,0.0,0.0,0.564138,0.681798,0.685151,0.589938,0.334502,-18.83
Orchid Protocol,OXT,8,16,10,9,16,0.617375,0.0,0.0,0.0,0.0,0.558046,0.863884,0.817896,0.73598,0.723771,-34.45
Perlin,PERL,8,9,14,9,11,0.0,0.0,0.0,0.0,0.0,0.106237,0.19711,0.222741,0.174676,0.147142,-46.0
WazirX,WRX,171,93,139,15,24,0.013566666666666671,0.78375,0.12545714285714285,0.6244000000000001,0.6466999999999999,2.614959,3.408336,3.568043,1.715718,0.475699,-24.57
Kava,KAVA,11,8,8,9,6,0.39825,0.0,0.3419875,0.1149,0.0,4.374474,6.679436,7.249596,7.044416,5.190077,-33.6
Origin Protocol,OGN,37,88,66,51,25,0.5251687500000001,0.62787,0.3993625,0.32684499999999994,0.5275214285714286,1.604119,2.277761,2.959966,1.84122,0.928476,-29.52
DigitalBits,XDB,20,11,7,10,5,0.38417749999999995,0.47595000000000004,0.5073714285714286,0.4765849999999999,0.47397999999999996,0.068752,0.07698,0.082032,0.086739,0.071904,-14.11
Band Protocol,BAND,29,29,15,16,11,0.21847000000000003,0.26613000000000003,0.26940714285714285,0.15783333333333335,0.4998,14.760371,20.968251,17.430193,16.143329,12.727572,-30.03
EOSDT,EOSDT,6,13,2,11,15,0.0,0.0,0.0,0.0,0.0,0.999922,0.994641,0.995518,0.997212,1.013978,1.84
Akropolis,AKRO,6,6,8,10,4,0.0,0.0,0.0,0.34505,0.4851,0.039845,0.067127,0.078753,0.073606,0.05193,-40.74
VERAsity,VRA,192,215,144,149,97,0.5934,0.0,0.0,0.0,0.0,0.029048,0.050947,0.040779,0.036321,0.018283,-44.33
Verus Coin,VRSC,6,2,1,4,2,0.0,0.0,0.0,0.0,0.49995,1.517976,1.326073,0.895973,0.820303,0.776398,31.49
Chromia,CHR,5,3,4,7,4,0.0,0.34485,0.0,0.0,0.0,0.215817,0.440629,0.362413,0.384898,0.399472,-50.86
BetProtocol,BEPRO,1,1,3,1,7,0.354125,0.632475,0.48645,0.4993,0.5029166666666667,0.010524,0.01436,0.017925,0.026427,0.025239,-25.24
Banano,BAN,710,268,245,300,316,0.4711078947368421,0.2732625,0.42882999999999993,-0.029894999999999994,0.384925,0.014006,0.008797,0.012163,0.007259,0.009287,52.34
Nyzo,NYZO,4,1,1,3,2,0.0,0.0,0.0,0.0,0.0,1.012937,0.565605,0.490758,0.479827,0.452637,68.46
Compound Ether,CETH,23,14,8,6,1,0.49965,0.0,0.48465,0.0,0.4997,46.828486,48.749076,41.511249,42.772756,34.200217,-0.39
Single Collateral DAI,SAI,40,48,39,27,23,0.8182,0.0,0.0,0.0,0.51125,,,,,,0.0
SafeCapital,SCAP,9,12,2,2,1,0.43185000000000007,0.4723333333333333,0.4994,0.6583749999999999,0.4851,0.061123,0.081312,0.082531,0.052714,0.022269,-19.44
FIX Network,FIX,15,12,6,10,7,0.33361,0.48850416666666674,0.35196666666666676,0.16964,0.26315000000000005,,,,,,-18.77
Charg Coin,CHG,22,18,17,10,4,0.39681818181818185,0.33361111111111114,0.4899588235294118,0.4967599999999999,0.3456375,0.097374,0.17648,1.610708,0.870346,0.216998,-34.46
Safe Haven,SHA,11,5,5,10,3,0.5006272727272727,0.298125,0.4553,0.4235428571428571,0.59285,0.00767,0.01201,0.013388,0.01213,0.009117,-34.38
HEX,HEX,35,38,39,34,46,-0.4988,0.0,0.83045,0.0,0.0,0.016779,0.018943,0.020964,0.016998,0.01497,-9.98
Swap,XWP,1,1,38,1,20,0.3490702970297031,0.3276163043478261,0.30870263157894745,0.2907068181818182,0.28291999999999995,0.21525,0.062346,0.04078,0.044841,0.036448,154.19
LCX,LCX,12,13,2,19,10,0.0,0.0,0.0,0.0,0.0,,0.070051,0.079334,0.078398,0.121642,14.2
DREP,DREP,7,9,13,40,14,0.0,0.0,0.8382499999999999,0.07276666666666666,0.0,1.278455,1.957042,2.643975,2.840916,0.022946,-34.14
Cartesi,CTSI,12,18,37,17,23,0.0,0.0,0.16770000000000002,0.0,0.0,0.481513,0.609241,0.595486,0.38258,0.345148,-21.26
KardiaChain,KAI,25,13,38,10,35,0.0,0.0,0.0,0.25875,0.0,0.099597,0.128838,0.130198,0.106642,0.096373,-23.13
Thorchain,RUNE,24,68,15,4,1,0.43565,0.30282857142857145,0.44514,0.7174,0.0,12.64501,14.600334,11.914376,8.410099,5.932848,-13.87
Binance USD,BUSD,14,7,5,11,3,0.3331035714285714,0.5130600000000001,0.48031666666666667,0.21161666666666668,0.47176428571428575,0.98848,1.001236,1.015091,1.001732,1.003753,0.16
Nervos Network,CKB,84,72,69,153,92,0.0,0.3982,0.4828,0.31845,0.0,0.023468,0.028324,0.030651,0.035147,0.02599,-16.92
Bitcoin 2,BTC2,10,4,6,5,8,0.3481360294117647,0.4607440000000002,0.2882302325581395,0.33035819672131145,0.26421851851851846,0.700749,0.879419,0.949177,1.049201,1.180451,-16.72
Ultra,UOS,1,4,2,3,3,0.5217888888888889,0.028433333333333338,0.48375,0.48415,0.4851,0.467313,0.555205,0.580132,0.643726,0.642975,-15.49
Kadena,KDA,17,18,11,22,18,0.0,0.3953,0.0,0.0,0.0,0.930512,1.221854,1.818351,0.63096,0.67998,-24.59
Privacy,PRV,2,2,36,2,3,0.33124912280701746,0.4004196428571428,0.26222916666666657,0.31030749999999996,0.47128999999999993,2.420567,2.901058,2.880982,3.040285,2.931017,-14.52
yearn.finance,YFI,29,13,15,18,8,0.25991250000000005,0.6427750000000001,0.464275,0.0,0.49975,42460.715355,53167.895002,46011.957069,39413.048886,33272.309787,-20.39
ChainX,PCX,19,46,4,5,23,0.37159999999999993,0.4174804347826086,0.41753499999999993,0.3262321428571429,0.44191666666666674,10.122235,13.404558,14.937484,14.647597,14.202299,-23.29
Boom Token,BOOM,5,3,2,1,1,0.47565,0.40005,0.54295,0.58475,0.4982,,,,,,0.0
Crypto Sports,CSPN,1,1,11,1,3,0.31611153846153844,0.5210888888888889,0.3687363636363637,0.3419166666666667,0.5927666666666666,0.331665,0.80564,0.863063,0.808147,0.313361,-57.16
Dapp.com,DAPPT,41,12,13,9,8,0.48905,0.55035,0.6955399999999999,0.6017333333333333,0.37048000000000003,0.006022,0.00941,0.008358,0.010095,0.005868,-35.12
ESBC,ESBC,8,16,38,21,26,0.0,0.0,0.0,0.0,0.0,0.022329,0.021996,0.024181,0.023167,0.025749,16.68
Switch,ESH,46,28,23,26,13,0.3312869565217392,0.31563749999999996,0.3748804347826087,0.3036576923076924,0.4201769230769231,0.028519,0.037118,0.030492,0.033727,0.029089,-21.88
Evedo,EVED,2,5,2,1,2,0.0,0.0,0.0,0.0,0.0,0.467114,0.540267,0.760745,0.781857,0.541202,-27.58
HUNT Token,HUNT,5,5,10,1,1,0.6077,0.0,0.4239,0.49915,0.194,0.303594,0.484158,0.583661,0.758964,0.388444,-37.34
ImageCoin,IMG,10,7,2,7,3,0.446915,0.45112142857142856,-0.149225,0.02379285714285714,0.4458166666666667,0.027689,0.039283,0.03663,0.040876,0.054957,15.18
Infinito,INFT,69,60,63,67,75,0.0,0.34,0.0,0.0,0.0,0.001343,0.001702,0.002106,0.001975,0.001832,-27.58
ngot,NGOT,3,2,4,1,6,0.0,0.0,0.0,0.0,0.0,0.000117,0.000122,0.000104,0.000128,0.000256,-0.43
Note Blockchain,NTBC,20,16,1,10,1,0.52013,0.49690625,0.6628357142857144,0.518215,0.5088714285714285,0.000187,2.7e-05,,3.7e-05,2.3e-05,-69.8
SafeCoin,SAFE,35,9,25,33,31,0.3195651376146789,0.3961347826086956,0.43644736842105264,0.36224615384615383,0.23689166666666667,0.181276,0.221782,0.166091,0.212288,0.118549,-12.15
TCASH,TCASH,2,5,4,2,5,0.0,0.0,0.0,0.0,0.0,0.006796,0.009073,,0.008943,0.008755,-20.49
TOKPIE,TKP,10,3,1,3,7,0.0,0.0,0.0,0.0,0.0,0.006009,0.006938,0.006637,0.004417,0.004958,-11.84
win.win,TWINS,85,63,47,29,23,0.47467705882352945,0.46918174603174617,0.41850851063829786,0.33631724137931035,0.5306869565217391,0.0,0.0,0.0,0.0,0.0,-19.0
VeriSafe,VSF,49,29,17,19,7,0.3463561224489796,0.40101896551724137,0.48084411764705887,0.39360789473684205,0.5133214285714286,2.1e-05,4.9e-05,,,,-54.44
Wownero,WOW,18,23,4,7,5,0.0,0.0,0.0,0.0,0.0,0.156362,0.228011,,0.069362,0.069583,484.89
Compound USD Coin,CUSDC,2,4,2,2,1,0.810225,0.49970000000000003,0.5567000000000001,0.30595,0.4997,0.0,,,,0.018448,87.36
PAX Gold,PAXG,17,23,17,12,17,0.7939499999999999,0.33485,0.0,0.47805,0.0,1793.658992,1792.652142,1760.426823,1741.96296,1746.185687,0.45
Idena,iDNA,6,7,3,12,5,0.0,0.0,0.0,0.0,0.0,0.178018,0.19076,0.156128,0.162377,0.163586,-0.54
Decentr,DEC,73,61,53,42,20,0.4241767123287672,0.39714426229508193,0.41562169811320754,0.42696190476190476,0.40578499999999995,0.253526,0.309622,0.339738,0.42322,0.394121,-15.23
UMA,UMA,2,1,1,2,1,0.6161625000000001,0.78575,0.0,0.6429,0.48517499999999997,22.670115,29.14017,24.76031,25.522556,22.880599,-19.95
pNetwork,PNT,6,1,2,1,1,0.0,0.0,0.0,0.0,0.0,1.347832,2.226454,2.545372,2.816995,2.171812,-39.64
Avalanche,AVAX,21,26,14,14,21,0.04915999999999998,0.40216250000000003,0.33113333333333334,0.26003333333333334,-0.15835,22.960924,35.526212,31.625895,29.01102,28.283985,-35.41
Rarible,RARI,424,434,489,614,821,0.4993,0.5486,0.42198749999999996,0.5631299999999999,-0.7764,19.758849,25.550315,32.392299,34.12938,30.681226,-20.9
StormX,STMX,159,142,112,136,226,0.15060312500000003,0.41532142857142856,0.51605,0.2237666666666667,0.655825,0.039062,0.066084,0.085578,0.079006,0.056772,-41.74
STRONG,STRONG,97,49,34,2,24,0.3589046391752579,0.4790224489795918,0.5182397058823529,0.3361847826086956,0.41887708333333323,150.392058,189.263921,183.543632,124.433258,76.619287,-18.62
DeFiChain,DFI,21,9,9,8,8,0.45617142857142856,0.46134444444444456,0.5277666666666666,0.28775625,0.32475,,3.745002,3.45855,3.387414,3.015258,-12.11
Trustswap,SWAP,41,24,11,15,14,0.19365000000000002,0.0,0.6558999999999999,0.5814,0.0,3.90956,4.54552,4.222221,4.553692,4.140025,-13.46
Balancer,BAL,4,54,5,51,7,0.3312744047619048,0.2246962962962964,0.29301447368421063,0.2727274509803921,0.3302318181818181,49.400675,63.738781,52.007853,61.29581,52.637977,-22.25
BitCash,BITC,2,13,18,1,1,0.41813372093023254,0.42419117647058824,0.45470555555555564,0.4296264705882353,0.5821388888888889,0.036778,0.017403,0.01208,0.015504,0.010109,118.59
MANTRA DAO,OM,14,28,23,14,16,0.0,0.0,0.0,0.0,0.0,0.266163,0.428043,0.483326,0.493538,0.445426,-38.01
Serum,SRM,8,2,1,5,1,0.39902499999999996,0.0,0.0,0.0,0.0,5.552967,6.695369,7.063458,5.955241,4.615392,-16.23
Polkadot,DOT,37,78,57,57,71,0.37251875,0.33678870967741936,0.15823333333333334,0.23745952380952384,0.4081555555555555,31.497487,41.710976,41.040554,41.04188,33.151067,-24.55
Hive,HIVE,7,7,4,2,6,0.20847499999999997,-0.109275,0.37928333333333336,0.013866666666666647,0.7966500000000001,0.447265,0.633819,0.761829,0.886465,0.541681,-29.23
JUST,JST,84,61,49,37,19,0.3425339285714287,0.4204991803278688,0.3331969387755102,0.3095581081081081,0.47201052631578944,0.101571,0.172679,0.144205,0.131478,0.089803,-40.63
Keep Network,KEEP,5,12,4,2,10,0.49583404255319147,0.5117968749999999,0.32354782608695654,0.31769,0.3230958333333334,0.480422,0.711374,0.780215,0.709584,0.586128,-31.24
Sylo,SYLO,33,24,31,12,8,0.49605,0.0,0.0,0.4354,0.0,0.008763,0.01018,0.008379,0.009586,0.00668,-17.38
Sushi Swap,SUSHI,152,61,97,82,102,0.5139333333333332,0.78575,0.46596000000000004,0.4993,0.4527333333333334,11.342384,16.313777,14.596264,16.415133,16.828546,-29.36
Orion Protocol,ORN,67,76,54,75,51,0.18267000000000003,0.41664999999999996,0.0,0.24985,0.0,11.479437,15.79888,18.542911,18.94789,25.230272,-25.86
GROWTH DeFi,GRO,6,4,2,2,1,0.5119166666666667,0.4776500000000001,0.56816,0.41445,0.51125,27.874208,34.559538,34.9353,28.46497,20.92671,-16.8
Cream Finance,CREAM,4,3,4,1,2,0.36979999999999996,0.6827,0.0,0.1909,0.0,94.458385,157.528796,152.815117,147.984337,115.831953,-39.11
renBTC,RENBTC,32,19,13,19,18,0.7749250000000001,0.61615,0.0,0.393,0.0,50541.002451,62009.219999,58463.044393,59279.211683,55113.75376,-14.45
ShareToken,SHR,23,24,17,19,23,0.4032096153846153,0.46739750000000013,0.48641599999999996,0.3886761904761905,0.43426176470588235,0.064693,0.078052,0.074631,0.086013,0.088036,-19.94
Kusama,KSM,39,47,62,54,35,0.24489999999999998,0.21466666666666667,0.16143125,0.0,0.2248,323.348546,448.400907,451.607132,450.25839,448.88657,-27.79
Unitrade,TRADE,5,6,3,3,3,0.0,0.0,0.0,0.0,0.0,0.693721,0.751233,0.76289,0.662313,0.657657,-6.12
DEXTools,DEXT,693,250,236,239,256,-0.059274999999999994,0.0,0.0,0.5573750000000001,0.0,0.594027,0.66209,0.707463,0.703366,0.665886,-6.93
The Sandbox,SAND,84,81,102,82,101,0.0,0.15487499999999998,0.6174,0.6148374999999999,-0.3276,0.405505,0.711764,0.745235,0.810885,0.629757,-44.84
Reserve,RSV,2,1,16,28,12,0.3211972972972973,0.26216874999999995,0.266415625,0.2657285714285715,0.3113666666666667,0.985471,1.003999,0.998944,1.025185,1.044408,0.92
Super Zero,SERO,3,5,4,2,3,0.27358333333333335,0.43496000000000007,0.45955,0.5,0.5846,0.299261,0.345941,0.393594,0.197622,0.128424,-13.29
MX Token,MX,5,6,2,2,7,0.0,0.0,0.0,0.0,0.0,1.038514,0.996367,0.953979,0.678528,0.511661,2.87
Sora,XOR,10,26,11,13,7,0.0,0.0,0.0,0.0,0.0,480.093926,489.354377,846.984376,656.437411,482.04624,0.42
lien,LIEN,3,14,9,5,1,0.0,0.0,0.0,0.0,0.0,42.114272,54.507794,51.246005,64.107848,104.50146,-21.83
Frontier,FRONT,10,2,8,2,3,0.35283,0.28305,0.83685,0.281275,0.38841666666666663,1.753884,2.906848,3.518215,2.646161,2.79683,-38.62
DoYourTip,DYT,44,22,20,20,14,0.42406363636363636,0.3895909090909091,0.4135224999999999,0.4066199999999999,0.31565000000000004,0.570652,0.542359,0.564303,0.748819,0.506311,8.87
PhoenixDAO,PHNX,28,6,10,9,2,0.0,0.0,0.0,0.0,0.0,0.181028,0.209082,0.213012,0.09483,0.096047,-8.12
Uniswap,UNI,130,126,114,96,161,0.2673954545454546,0.4220210000000001,0.3095818181818182,0.2711457446808512,0.3098950000000001,31.983558,36.264547,29.679422,30.212923,28.942958,-11.31
Libertas Token,LIBERTAS,8,19,19,11,15,0.0,0.0,0.0,0.0,0.0,0.02324,0.027822,0.027706,0.037169,0.04677,-12.18
Bridge Oracle,BRG,35,31,6,1,1,0.36683333333333334,0.0,0.4976833333333333,0.4993,0.4998,0.142348,0.225319,0.275216,0.0,0.0,-36.2
Solana,SOL,115,78,81,49,29,0.40576874999999996,0.10259166666666669,0.2952,0.24175000000000002,-0.32794999999999996,36.098615,25.360228,27.754016,19.76193,14.797852,43.28
Arweave,AR,9,15,9,5,9,0.0,0.0,0.0,0.297875,0.3835,20.117079,25.958262,30.23244,28.842204,26.585231,-22.69
Based Money,BASED,87,45,38,1,23,0.3854862068965517,0.3525177777777777,0.4052263157894737,0.37111184210526316,0.3956152173913043,0.569935,1.772569,1.458609,1.629824,2.061319,-66.45
Rio DeFi,RFUEL,16,31,18,9,20,0.0,0.0,0.0,0.0,0.0,0.09846,0.123811,0.135462,0.150872,0.151867,-20.19
Polkastarter,POLS,76,67,87,61,63,0.28815,0.0,0.6558999999999999,0.0,0.49725,2.441103,3.641033,4.192145,4.192158,3.930124,-33.18
Kompass,KOMP,4,5,12,4,1,0.0,0.0,0.0,0.0,0.0,0.000299,0.000381,0.000537,0.001979,0.000417,-15.39
Aave,AAVE,178,150,145,190,131,0.34925535714285705,0.5231264705882355,0.452953125,0.25364642857142855,0.5433,331.651308,442.122271,360.24599,420.254611,359.113089,-23.68
DODO,DODO,5,3,1,5,3,0.22346666666666667,0.47225,0.49995,0.4814,0.0,2.841037,4.705954,4.037494,3.978142,3.428687,-39.65
Hathor,HTR,7,3,3,9,2,0.0,0.0,0.0,0.0,0.0,1.11821,1.759414,1.655848,1.407897,1.471338,-36.47
Dark.Build,DARK,1,3,2,1,1,0.8182,0.1731,0.49365,0.49065,0.79235,8.035375,13.914301,15.356907,50.565684,77.908662,-40.47
Venus,XVS,18,26,12,9,5,0.351325,-0.3062,0.1947,0.0,0.0,66.854127,83.834396,63.553681,57.939734,41.481476,-20.76
Dracula Token,DRC,13,4,7,16,9,0.0,0.0,0.0,0.0,0.0,0.21614,0.158026,0.249608,0.300394,0.950094,856.4
DeFiner,FIN,2,2,2,1,1,0.14137500000000003,0.441725,0.24835,0.4001,0.0,0.286001,0.547778,0.792885,0.942052,0.637356,-48.61
Digital Reserve Currency,DRC2,7,9,3,5,11,0.16398000000000001,0.11478000000000002,0.49887999999999993,0.23228999999999997,0.49385,0.008703,0.011034,0.011698,0.016281,0.024279,-17.26
Rubic,RBC,14,10,8,14,8,0.30422499999999997,0.46655,0.0,0.0,0.0,0.331681,0.369073,0.373331,0.532918,0.313063,-1.64
Tixl,TXL,5,4,2,5,7,0.0,0.0,0.0,0.0,0.0,0.45077,0.533677,0.627064,0.632348,0.645208,-13.11
PlotX,PLOT,16,15,10,11,5,0.21594375000000002,0.40156249999999993,0.57065,0.12040000000000002,0.4390333333333334,0.206053,0.236075,0.330942,0.268912,0.215465,-10.97
Gala Token,GALA,13,4,9,4,8,0.0,0.0,0.0,0.5641,0.0,0.021602,0.024176,0.027118,0.025764,0.027125,-7.44
JustLiquidity,JUL,12,1,30,2,16,0.2228,0.3871243243243244,0.3057516666666667,0.3536421052631578,0.2871625,75.002866,115.682942,119.968522,168.858952,155.131097,-29.53
Harvest Finance,FARM,48,54,31,10,10,0.51715,0.56185,0.17465,0.6160333333333333,0.0,208.166035,315.218533,240.389888,292.380057,256.787117,-32.28
EasyFi,EASY,16,13,1,33,21,0.36190625,0.57145625,0.3898857142857143,0.47633333333333333,0.49976666666666664,2.384753,27.628445,34.030714,24.584014,20.120263,-53.6
RAMP,RAMP,11,1,2,3,3,0.5769181818181818,0.32266999999999996,0.44884999999999997,0.392505,0.4853083333333333,0.435857,0.685511,0.951028,0.687074,0.652386,-34.98
UniCrypt,UNCX,70,50,69,5,8,0.0,0.0,0.0,0.0,0.0,452.462128,491.650229,403.329348,402.98182,299.856087,-7.71
Chonk,CHONK,7,9,7,2,2,0.0,0.0,0.0,0.0,0.0,154.806665,188.821417,203.747538,279.509775,110.023272,-15.03
UnFederalReserveToken,ERSDL,1,5,3,2,6,0.0,0.0,0.0,0.0,0.0,,0.725685,0.62519,0.591209,0.39273,-2.05
Meme,MEME,2,14,3,15,2,0.2712724770642203,0.30855075757575756,0.3174888888888888,0.40083750000000007,0.2696138888888889,1650.580513,2723.568243,2668.173719,2954.359937,2709.695051,-42.72
Near Protocol,NEAR,16,18,10,8,8,0.4826625,0.29723333333333335,0.33673571428571425,0.35315,0.39671,4.472155,5.965141,6.476186,5.98827,5.491076,-24.32
Injective Protocol,INJ,24,13,8,9,13,0.0,0.0,0.249975,0.0,0.0,17.615579,13.809028,15.250111,13.258962,11.651551,25.23
UniLayer,LAYER,1,10,1,10,11,0.65375,0.0,0.49995,0.0,0.0,2.30913,2.953378,1.707227,1.623183,1.706624,-23.88
AllianceBlock,ALBT,3,4,10,7,6,0.143625,0.7921499999999999,0.0,0.0,0.505825,0.637219,0.817403,0.876315,0.740185,0.58664,-21.9
Axie Infinity,AXS,39,32,56,80,62,0.4938,0.30974999999999997,0.16770000000000002,0.3499,0.0,7.425026,7.766132,8.587629,5.669312,4.530943,-4.86
Hard Protocol,HARD,2,1,3,2,1,0.41115769230769234,0.25241,0.50398125,0.28152857142857146,0.50156,1.332383,2.082428,2.288204,2.187779,2.092284,-35.12
Linear.Finance,LINA,17,25,18,11,18,0.0,0.0,0.0,0.4997,0.49982499999999996,0.077992,0.124425,0.133277,0.139725,0.130909,-35.71
Testa,TESTA,82,76,85,85,109,0.0,0.0,0.0,0.0,0.0,0.400637,0.451685,,,0.345408,-11.13
Beowulf,BWF,74,60,72,52,62,0.0,0.0,0.0,0.0,0.0,,0.069395,,,,0.0
APY.Finance,APY,2,2,2,5,5,0.3453625,0.410075,0.499925,0.57084,0.49494,1.321029,1.681415,1.761801,1.958056,1.803447,-20.76
SwapDEX,SDX,20,5,7,6,4,0.5217225000000001,0.45064000000000004,0.6346571428571429,0.5508166666666666,0.5109875,0.280223,0.201325,0.18246,0.404881,0.142622,44.44
Axion,AXN,36,22,10,21,17,0.0,0.0,0.0,0.0,0.0,0.000331,0.000349,0.000429,0.000524,0.000416,-3.26
Flow,FLOW,1,20,21,11,15,0.35048461538461556,0.40915000000000007,0.3633666666666666,0.3939681818181819,0.4606166666666667,27.455053,0.0,0.0,0.0,0.0,-24.83
e-Radix,EXRD,12,17,21,19,81,0.0,0.0,0.0,0.0,0.0,0.135374,0.148683,0.147687,0.149154,0.162106,-9.36
reflect.finance,RFI,16,1,2,1,2,0.6642333333333333,0.5467500000000001,0.53015,0.57655,0.4996,0.412711,0.689349,0.888237,1.090609,0.987927,-36.54
COVER Protocol,COVER,6,2,1,2,7,0.5653900000000001,0.4645875,0.49995,0.33572499999999994,0.4997,386.846647,488.690004,449.895418,564.036121,613.886621,-19.03
Debase,DEBASE,59,60,65,74,63,0.21084999999999998,0.0,0.0,-0.23455,0.27698333333333336,,,,,,-74.05
LOVE Coin,LOVE,89,66,41,32,20,0.385641011235955,0.4115484848484847,0.4550280487804879,0.403625,0.47208249999999996,0.0,0.0,0.0,0.0,0.0,
Klever,KLV,43,61,58,62,70,0.0129,0.18136666666666668,0.2174,0.46785,0.18885000000000002,0.067598,0.090419,0.093829,0.101165,0.110259,-24.37
CryptoWater,C2O,30,10,9,2,2,0.32028500000000004,0.557295,0.2390888888888889,0.654625,0.4622,,,,,5.721122,0.0
Action Coin,ACTN,34,19,20,1,5,0.37890588235294104,0.27370789473684215,0.266795,0.5576944444444445,0.58134,0.000443,0.000462,0.000849,0.000384,0.000393,0.12
88mph,MPH,5,6,6,3,4,0.0,0.0,0.7289,0.0,0.0,112.826462,169.381255,118.879746,175.231637,150.458127,-32.22
Benchmark Protocol,MARK,14,3,6,6,7,0.0,0.49985,0.0,0.4997,0.0,1.327908,1.287678,1.353882,1.490588,1.569044,9.26
UniLend Finance,UFT,37,42,57,91,68,0.6582250000000001,0.0,0.0,0.0,0.49905,1.139383,2.002897,2.580448,2.538856,2.964158,-43.49
OPEN Governance Token,OPEN,3,3,15,1,2,0.6548125,0.6064625,0.545245,0.26131000000000004,0.50451,1.804256,2.09963,2.628284,2.050407,1.456651,-11.73
Carbon,CRBN,2,7,6,4,4,0.31645625,0.4325285714285715,0.06655000000000001,0.573725,0.10216249999999999,0.246706,0.295072,0.222573,0.0,0.0,-12.61
API3,API3,31,12,14,15,8,0.0,0.0,0.0,0.0,0.0,7.200151,9.026165,8.830748,8.368041,5.992833,-23.41
Unifi Protocol DAO,UNFI,1,7,3,4,1,0.0,0.0,0.0,0.0,0.0,20.881008,30.460709,26.133584,24.883185,25.14944,-31.3
Skale,SKL,54,43,36,33,11,0.412925,0.0,0.4706,0.3507,0.19175,0.471632,0.709625,0.681578,0.748421,0.581652,-32.51
Base Protocol,BASE,2,6,1,5,5,0.45177173913043467,0.4502633333333333,0.4491714285714286,0.3206617647058823,0.5352541666666667,1.673591,2.166783,1.916325,2.081145,1.86323,-20.79
SmartKey,SKEY,1,18,17,15,8,0.425758,0.5615749999999999,0.3761764705882352,0.4938933333333333,0.47766875000000003,0.270957,0.0,0.0,0.0,0.0,14.57
Efforce,WOZX,7,10,2,1,4,0.4976,0.42885,0.0,0.0,0.0,1.569782,2.040738,1.728414,1.765215,1.978825,-23.58
YieldCredit,YLD2,1,5,1,3,3,0.0,0.5764699999999999,0.49995,0.49420000000000003,0.6114499999999999,36.605476,0.0,0.0,0.0,0.0,0.0
inSure,SURE,84,56,2,1,25,0.3645220238095238,0.39017946428571426,0.39800232558139537,0.37852317073170727,0.358594,0.003954,0.006095,0.007035,0.007721,0.005367,-31.57
Yield App,YLD,9,5,5,5,2,0.43723333333333336,0.499575,0.41796,0.6036,0.582175,0.608938,0.0,0.0,0.0,0.0,3.35
Decentral Games,DG,2,15,8,5,2,0.5494236842105263,0.37416000000000005,0.5690999999999999,0.4968,0.57835,301.192391,0.0,0.0,0.0,0.0,-21.42
GeoDB,GEO,16,7,15,47,17,0.0,0.0,0.0,0.0,0.0,0.838306,1.123817,1.601258,1.920196,1.696246,-26.61
MEME CASH Token,MCH,4,1,2,2,1,0.08983749999999999,0.48505,0.519925,0.5744,0.4996,4.944911,5.123425,5.348794,9.906803,9.375268,1.83
Hacken Token,HAI,1609,1676,12,27,13,0.0,0.0,0.0,0.0,0.0,0.22246,0.244713,0.402316,0.311327,0.194074,-4.02
DAO Maker,DAO,13,3,5,2,12,0.4648333333333334,0.588025,0.5386900000000001,0.3397,0.49755,6.99474,7.12474,6.60701,7.90057,7.372861,-0.34
Mirror Protocol,MIR,31,29,23,8,8,0.19734999999999997,0.46951666666666664,0.5509000000000001,0.4997,0.0,8.878691,8.83725,12.665587,8.806115,6.952569,-1.06
DeXe,DEXE,2,4,1,2,9,0.13375384615384614,0.4343625,0.17241428571428571,0.1829,0.36538333333333334,18.789112,25.491104,24.643619,22.647913,25.045187,-24.78
Bondly Finance,BONDLY,3,1,6,4,2,0.6053333333333333,0.49495,0.49931666666666663,0.355375,0.77785,0.269969,0.4609,0.644084,0.498112,0.489827,-37.45
Bonded Finance,BOND,2,5,3,2,5,0.6053333333333333,0.49495,0.49931666666666663,0.355375,0.77785,0.023937,0.031234,0.030697,0.047781,0.042104,-19.74
Unifty,NIF,21,12,13,9,4,0.0,0.0,0.0,0.0,0.0,24.957075,28.45079,31.386131,23.036889,20.62354,-7.16
TrueFi,TRU,13,1,1,2,1,0.4442576923076923,0.5540999999999998,0.6361,0.463675,0.63795,0.311824,0.427964,0.495355,0.465796,0.417886,-26.36
Governance ZIL,GZIL,21,17,28,23,47,0.0,0.0,0.0,0.0,0.0,262.971756,450.479907,534.995572,508.68496,411.887431,-41.57
1inch,1INCH,23,27,41,14,30,0.4282849999999999,0.45709285714285713,0.2480818181818182,0.10922499999999997,0.0,4.205503,5.830972,6.129696,4.673942,4.009901,-27.54
Marlin,POND,10,32,44,13,13,0.0,0.0,0.0,0.0,0.0,0.129519,0.201596,0.24831,0.211143,0.151978,-34.08
DeFi Yield Protocol,DYP,1,4,7,8,7,0.65334,0.49734999999999996,0.49995,0.5470428571428572,0.5147625,1.999335,2.595963,2.579356,2.840792,2.795872,-20.68
Reef Finance,REEF,85,61,48,103,48,0.605975,0.0,0.0,0.0,0.0,0.03273,0.040149,0.038226,0.037972,0.036549,-18.16
DefiSocial,DFSOCIAL,6,1,5,2,2,0.3489,0.356425,0.6155499999999999,0.275475,0.5845,1036.333775,1018.486647,482.872824,346.567892,553.470614,4.23
Shopping.io,SPI,12,12,23,32,21,0.419625,0.49575,0.0,0.4955,0.7552000000000001,138.984396,168.310932,203.686877,230.840786,144.377358,-14.15
Wise,WISE,2,6,1,1,6,0.36851951219512186,0.49524285714285704,0.43306136363636355,0.4077125000000001,0.01752500000000002,0.484899,0.509961,0.431583,0.456417,0.35686,-0.53
The Graph,GRT,39,37,20,26,29,0.256365625,0.4098911764705882,0.40670000000000006,0.39242333333333335,0.3249944444444444,1.352924,1.995772,1.743314,1.88181,1.55338,-31.39
YFDAI Finance,YF-DAI,20,22,13,15,26,0.0,0.0,0.0,0.0,0.0,4625.147886,5183.339311,4616.419428,5428.235275,5362.605555,-4.76
Passive.Income,PSI,1,20,9,1,5,0.42167564102564103,0.37396250000000003,0.5460999999999999,0.5094866666666668,0.5571699999999999,260.974261,476.578487,508.994697,949.340301,125.43713,-44.97
PAID Network,PAID,3,1,9,1,5,0.4447045454545455,0.15806875,0.4817111111111111,0.45382777777777783,0.46859,3.053379,3.730908,5.007889,3.515513,1.21979,-15.85
Polkacover,CVR,2,19,8,3,7,0.0,0.0,0.0,0.0,0.0,0.396013,0.750937,0.575311,0.6912,0.627474,-44.93
Bridge Mutual ,BMI,8,3,14,17,8,0.6093999999999999,0.0,0.68935,0.10830000000000001,0.4997,1.804617,2.273483,2.31196,2.74822,2.775826,-15.09
Interop,TROP,17,14,9,9,14,0.0,0.0,0.0,0.0,0.0,27.906703,41.33286,40.927215,35.31803,29.041115,-30.27
PancakeSwap,CAKE,9489,5255,2880,1724,868,0.2809587837837838,0.42273888888888883,0.2554944444444444,0.23272142857142852,0.16789,25.840086,22.352251,24.028188,17.078334,14.779177,16.79
Crowns,CWS,21,43,6,17,5,0.134525,0.2603,0.33016666666666666,0.062049999999999994,0.51185,19.970009,26.90824,33.177098,35.332417,45.396797,-24.15
Paint,PAINT,51,26,14,40,69,0.26142000000000004,0.4732083333333333,0.40362777777777775,0.43688124999999994,0.19195,0.000942,0.001259,0.002235,0.002124,0.00337,-23.77
GoCrypto,GOC,10,2,41,53,21,0.31977108433734935,0.3559421568627451,0.3907658536585364,0.3524264150943397,0.3187214285714286,0.046843,0.049842,0.037125,0.036514,0.033678,-2.95
Litentry,LIT2,16,5,9,3,9,0.49965,0.7005,0.4921,0.0,0.0,7.604183,11.309096,12.055065,9.535583,8.971299,-32.66
Launchpool,LPOOL,17,44,39,29,16,-0.35625,0.4899,0.1366,0.0,0.0,17.37125,22.107896,26.03939,23.166296,21.040834,-18.89
Scala,XLA,112,120,80,95,118,0.0,0.0,0.0,0.0,0.0,0.00303,0.001159,0.000409,0.000394,0.000425,165.38
Akash Network,AKT2,17,12,22,9,15,0.49460000000000004,0.0,0.573875,0.4997,0.0,6.153223,6.742612,6.555965,5.288881,5.142026,-8.92
BSCPAD,BSCPAD,39,52,36,4,7,0.0,0.0,0.6506000000000001,0.0,0.0,3.161607,4.820633,5.291635,4.253846,4.577474,-35.62
Aavegotchi,GHST,6,13,11,10,7,0.0,0.57865,0.0,0.0,0.0,1.061094,1.170315,1.219258,1.349709,1.391312,-10.53
Dark.Build,DB,1,3,1,1,1,0.8182,0.1731,0.49365,0.49065,0.79235,0.0,0.0,0.0,0.0,0.0,
SafeMoon,SAFEMOON,13322,13,15,15,11,0.18259577922077921,0.4189230769230769,0.39232333333333336,0.3790633333333334,0.08791363636363636,7e-06,1e-06,0.0,1e-06,0.0,245.29
Defi For You,DFY,69,44,31,37,11,0.36734927536231887,0.4599613636363637,0.4915370967741936,0.4547121621621623,0.41779999999999995,0.178841,0.164755,0.161608,0.0,0.0,11.66
Persistence One,XPRT,2,2,5,4,1,0.48612,-0.107575,0.53542,0.4643625,0.79235,2.424698,0.0,0.0,0.0,0.0,-16.09
